name;description;year;manufacturer;is_parent;romof;is_clone;cloneof;sampleof
19yyo;19YY (Neo CD conversion, ADK World)(Original release);2022;hack;YES;19yy;NO;19yy;-;
19yy;19YY (Neo CD conversion, ADK World);2022;hack;NO;neogeo;YES;-;-;
2020bb;2020 Super Baseball (set 1);1991;SNK / Pallas;NO;neogeo;YES;-;-;
2020bba;2020 Super Baseball (set 2);1991;SNK / Pallas;YES;2020bb;NO;2020bb;-;
2020bbh;2020 Super Baseball (set 3);1991;SNK / Pallas;YES;2020bb;NO;2020bb;-;
3countb;3 Count Bout / Fire Suplex (NGM-043)(NGH-043);1993;SNK;NO;neogeo;YES;-;-;
3countba;3 Count Bout / Fire Suplex (NGM-043);1993;SNK;YES;3countb;NO;3countb;-;
4play;4 player input test;???;SNK;NO;neogeo;YES;-;-;
sonicwi2;Aero Fighters 2 / Sonic Wings 2;1994;Video System Co.;NO;neogeo;YES;-;-;
sonicwi3;Aero Fighters 3 / Sonic Wings 3;1995;Video System Co.;NO;neogeo;YES;-;-;
aodk;Aggressors of Dark Kombat / Tsuukai GANGAN Koushinkyoku (ADM-008)(ADH-008);1994;ADK / SNK;NO;neogeo;YES;-;-;
alpham2;Alpha Mission II / ASO II - Last Guardian (NGM-007)(NGH-007);1991;SNK;NO;neogeo;YES;-;-;
alpham2p;Alpha Mission II / ASO II - Last Guardian (prototype);1991;SNK;YES;alpham2;NO;alpham2;-;
androdun;Andro Dunos (NGM-049)(NGH-049);1992;Visco;NO;neogeo;YES;-;-;
aof;Art of Fighting / Ryuuko no Ken (NGM-044)(NGH-044);1992;SNK;NO;neogeo;YES;-;-;
aof2bh;Art of Fighting 2 / Ryuuko no Ken 2 (Enable hidden characters V2);1994;Yumeji;YES;aof2;NO;aof2;-;
aof2a;Art of Fighting 2 / Ryuuko no Ken 2 (NGH-056);1994;SNK;YES;aof2;NO;aof2;-;
aof2;Art of Fighting 2 / Ryuuko no Ken 2 (NGM-056);1994;SNK;NO;neogeo;YES;-;-;
aof3k;Art of Fighting 3 - The Path of the Warrior (Korean release);1996;SNK;YES;aof3;NO;aof3;-;
aof3bh;Art of Fighting 3 - The Path of the Warrior / Art of Fighting - Ryuuko no Ken Gaiden (Enable Hidden Characters V2);1996;Yumeji;YES;aof3;NO;aof3;-;
aof3;Art of Fighting 3 - The Path of the Warrior / Art of Fighting - Ryuuko no Ken Gaiden;1996;SNK;NO;neogeo;YES;-;-;
badapple;Bad Apple (Tech-Demo);2017;Hpman;NO;neogeo;YES;-;-;
bakatono;Bakatonosama Mahjong Manyuuki (MOM-002)(MOH-002);1991;Monolith Corp.;NO;neogeo;YES;-;-;
b2b;Bang Bang Busters (2010 NCI release);2000;Visco;NO;neogeo;YES;-;-;
bangbedp;Bang Bead (Prototype?);2000;Visco;YES;bangbead;NO;bangbead;-;
bangbead;Bang Bead;2000;Visco;NO;neogeo;YES;-;-;
bstars2;Baseball Stars 2;1992;SNK;NO;neogeo;YES;-;-;
bstarsh;Baseball Stars Professional (NGH-002);1990;SNK;YES;bstars;NO;bstars;-;
bstars;Baseball Stars Professional (NGM-002);1990;SNK;NO;neogeo;YES;-;-;
flipshot;Battle Flip Shot;1998;Visco;NO;neogeo;YES;-;-;
blazstarcm;Blazing Star (Stage Select Hack);2020;Clear Paper, NeoCverA, JustinG;YES;blazstar;NO;blazstar;-;
blazstar;Blazing Star;1998;Yumekobo;NO;neogeo;YES;-;-;
bjourneyh;Blue's Journey / Raguy (ALH-001);1990;Alpha Denshi Co.;YES;bjourney;NO;bjourney;-;
bjourney;Blue's Journey / Raguy (ALM-001)(ALH-001);1990;Alpha Denshi Co.;NO;neogeo;YES;-;-;
breakrevbh;Breakers Revenge (Boss Hack);1998;hack;YES;breakrev;NO;breakrev;-;
brkrevext;Breakers Revenge - Extra Mode (Hack);2018;Visco;YES;breakrev;NO;breakrev;-;
breakrev;Breakers Revenge;1998;Visco;NO;neogeo;YES;-;-;
breakers;Breakers;1996;Visco;NO;neogeo;YES;-;-;
burningfh;Burning Fight (NGH-018)(US);1991;SNK;YES;burningf;NO;burningf;-;
burningf;Burning Fight (NGM-018)(NGH-018);1991;SNK;NO;neogeo;YES;-;-;
burningfpa;Burning Fight (prototype, near final, ver 23.3, 910326);1991;SNK;YES;burningf;NO;burningf;-;
burningfpb;Burning Fight (prototype, newer, V07);1991;SNK;YES;burningf;NO;burningf;-;
burningfp;Burning Fight (prototype, older);1991;SNK;YES;burningf;NO;burningf;-;
cabalng;Cabal (Neo-Geo Conversion);1988-2021;TAD Corporation;NO;neogeo;YES;-;-;
cakefght;Cake Fighter (hack of Twinkle Star Sprites);2022;hack;YES;twinspri;NO;twinspri;-;
ctomaday;Captain Tomaday;1999;Visco;NO;neogeo;YES;-;-;
neodemo;Chaos Demo (Neo Geo);2002;Chaos;NO;neogeo;YES;-;-;
marukodq;Chibi Marukochan Deluxe Quiz;1995;Takara;NO;neogeo;YES;-;-;
cndi;Chip n Dale (FMV Demo);2009;Sergi;NO;neogeo;YES;-;-;
ironclad;Choutetsu Brikin'ger - Iron clad (Prototype);1996;Saurus;NO;neogeo;YES;-;-;
ironclado;Choutetsu Brikin'ger - Iron clad (Prototype, older);1996;Saurus;YES;ironclad;NO;ironclad;-;
cnbe;Codename - Blut Engel (2006-01-19);2006;blastar@gmx.net;NO;neogeo;YES;-;-;
cnbe2018;Codename - Blut Engel (2018-09-05);2018;blastar@gmx.net;YES;cnbe;NO;cnbe;-;
columnsn;Columns (Neo Geo);????;homebrew;NO;neogeo;YES;-;-;
crsword;Crossed Swords (ALM-002)(ALH-002);1991;Alpha Denshi Co.;NO;neogeo;YES;-;-;
crswd2bl;Crossed Swords 2 (bootleg CD to cartridge conversion);1991;bootleg (Razoola);NO;neogeo;YES;-;-;
cphd;Crouching Poney Hidden Dragon (DEMO);2013;Le Cortex;NO;neogeo;YES;-;-;
cthd2003;Crouching Tiger Hidden Dragon 2003 (set 1);2003;Phenixsoft;YES;kof2001;NO;kof2001;-;
cthd2k3a;Crouching Tiger Hidden Dragon 2003 (set 2);2003;bootleg;YES;kof2001;NO;kof2001;-;
ct2k3sp;Crouching Tiger Hidden Dragon 2003 Super Plus;2003;bootleg;YES;kof2001;NO;kof2001;-;
ct2k3sa;Crouching Tiger Hidden Dragon 2003 Super Plus alternate;2003;bootleg;YES;kof2001;NO;kof2001;-;
cyberlip;Cyber-Lip (NGM-010);1990;SNK;NO;neogeo;YES;-;-;
dwi;DarkWing Duck (FMV Demo);2009;Sergi;NO;neogeo;YES;-;-;
dwia;DarkWing Duck (FMV Demo, alt);2009;Sergi;YES;dwi;NO;dwi;-;
diggerma;Digger Man;2000;Kyle Hodgetts;NO;neogeo;YES;-;-;
doubledrbh;Double Dragon (Boss hack);1995;hack;YES;doubledr;NO;doubledr;-;
doubledr;Double Dragon (Neo-Geo);1995;Technos;NO;neogeo;YES;-;-;
doubledrsp;Double Dragon (Special 2017, hack);2017;hack;YES;doubledr;NO;doubledr;-;
dragonsh;Dragon's Heaven (development board);1996;Face;NO;neogeo;YES;-;-;
ducki;Duck Tales (FMV Demo);2009;Sergi;NO;neogeo;YES;-;-;
eightman;Eight Man (NGM-025)(NGH-025);1991;SNK / Pallas;NO;neogeo;YES;-;-;
kabukiklb;Far East of Eden - Kabuki Klash / Tengai Makyou - Shin Den (Add hidden characters);1995;Ydmis / Creamymami[EGCG];YES;kabukikl;NO;kabukikl;-;
kabukikl;Far East of Eden - Kabuki Klash / Tengai Makyou - Shin Den;1995;Hudson;NO;neogeo;YES;-;-;
fatfury1bh;Fatal Fury - King of Fighters / Garou Densetsu - shukumei no tatakai (Boss Hack by Yumeji);1992;SNK;YES;fatfury1;NO;fatfury1;-;
fatfury1;Fatal Fury - King of Fighters / Garou Densetsu - shukumei no tatakai (NGM-033)(NGH-033);1992;SNK;NO;neogeo;YES;-;-;
fatfury2;Fatal Fury 2 / Garou Densetsu 2 - arata-naru tatakai (NGM-047)(NGH-047);1992;SNK;NO;neogeo;YES;-;-;
fatfury2a;Fatal Fury 2 / Garou Densetsu 2 - arata-naru tatakai (NGM-047);1992;SNK;YES;fatfury2;NO;fatfury2;-;
fatfury3bh;Fatal Fury 3 - Road to the Final Victory / Garou Densetsu 3 - haruka-naru tatakai (Ancient Battles Resurgence 2015-03-13);1995;Yumeji;YES;fatfury3;NO;fatfury3;-;
fatfury3a;Fatal Fury 3 - Road to the Final Victory / Garou Densetsu 3 - haruka-naru tatakai (NGM-069)(NGH-069) (alternate set);1995;SNK;YES;fatfury3;NO;fatfury3;-;
fatfury3;Fatal Fury 3 - Road to the Final Victory / Garou Densetsu 3 - haruka-naru tatakai (NGM-069)(NGH-069);1995;SNK;NO;neogeo;YES;-;-;
fatfurspbs;Fatal Fury Special / Garou Densetsu Special (Optional Hidden Character Third Edition);1993;Yumeji;YES;fatfursp;NO;fatfursp;-;
fatfursp;Fatal Fury Special / Garou Densetsu Special (set 1)(NGM-058)(NGH-058);1993;SNK;NO;neogeo;YES;-;-;
fatfurspa;Fatal Fury Special / Garou Densetsu Special (set 2)(NGM-058)(NGH-058);1993;SNK;YES;fatfursp;NO;fatfursp;-;
fightfev;Fight Fever (set 1);1994;Viccom;NO;neogeo;YES;-;-;
fightfeva;Fight Fever (set 2);1994;Viccom;YES;fightfev;NO;fightfev;-;
fswords;Fighters Swords (Korean release of Samurai Shodown III);1995;SNK;YES;samsho3;NO;samsho3;-;
fbfrenzy;Football Frenzy (NGM-034)(NGH-034);1992;SNK;NO;neogeo;YES;-;-;
ngfrog;Frog Feast (Neo Geo);2006;Rastersoft;NO;neogeo;YES;-;-;
neogalag;Galaga Demo (set 1);2013;Cristiano Bei/www.iocerom.com;NO;neogeo;YES;-;-;
neogalaga;Galaga Demo (set 2);2013;Cristiano Bei/www.iocerom.com;YES;neogalag;NO;neogalag;-;
galaxyfg;Galaxy Fight - Universal Warriors;1995;Sunsoft;NO;neogeo;YES;-;-;
ganryu;Ganryu / Musashi Ganryuki;1999;Visco;NO;neogeo;YES;-;-;
garoubl;Garou - Mark of the Wolves (bootleg);1999;bootleg;YES;garou;NO;garou;-;
garoub;Garou - Mark of the Wolves (Enable hidden characters);1999;Ydmis;YES;garou;NO;garou;-;
garouha;Garou - Mark of the Wolves (NGH-2530);1999;SNK;YES;garou;NO;garou;-;
garouh;Garou - Mark of the Wolves (NGM-2530) (NGH-2530);1999;SNK;YES;garou;NO;garou;-;
garou;Garou - Mark of the Wolves (NGM-2530);1999;SNK;NO;neogeo;YES;-;-;
garoup;Garou - Mark of the Wolves (prototype);1999;SNK;YES;garou;NO;garou;-;
ghostbi;Ghost Busters (FMV Demo);2009;Sergi;NO;neogeo;YES;-;-;
gpilotsh;Ghost Pilots (NGH-020)(US);1991;SNK;YES;gpilots;NO;gpilots;-;
gpilots;Ghost Pilots (NGM-020)(NGH-020);1991;SNK;NO;neogeo;YES;-;-;
gpilotsp;Ghost Pilots (prototype);1991;SNK;YES;gpilots;NO;gpilots;-;
ghostlop;Ghostlop (prototype);1996;Data East Corporation;NO;neogeo;YES;-;-;
goalx3;Goal! Goal! Goal!;1995;Visco;NO;neogeo;YES;-;-;
gururin;Gururin;1994;Face;NO;neogeo;YES;-;-;
hypernoid;Hypernoid (Ver. 20211128);2021;NeoHomeBrew;NO;neogeo;YES;-;-;
froman2b;Idol Mahjong - final romance 2 (Neo CD Conversion);1995;hack;NO;neogeo;YES;-;-;
jockeygp;Jockey Grand Prix (set 1);2001;Sun Amusement / BrezzaSoft;NO;neogeo;YES;-;-;
jockeygpa;Jockey Grand Prix (set 2);2001;Sun Amusement / BrezzaSoft;YES;jockeygp;NO;jockeygp;-;
ltorb;Jonas Indiana and the Lost Temple of RA (20050717);2005;blastar@gmx.net;NO;neogeo;YES;-;-;
janshin;Jyanshin Densetsu - Quest of Jongmaster;1994;Aicom;NO;neogeo;YES;-;-;
karnovr;Karnov's Revenge / Fighter's History Dynamite;1994;Data East Corporation;NO;neogeo;YES;-;-;
kog;King of Gladiator (The King of Fighters '97 bootleg);1997;bootleg;YES;kof97;NO;kof97;-;
kogplus;King of Gladiator Plus (The King of Fighters '97 bootleg);1997;bootleg;YES;kof97;NO;kof97;-;
kotm;King of the Monsters (set 1);1991;SNK;NO;neogeo;YES;-;-;
kotmh;King of the Monsters (set 2);1991;SNK;YES;kotm;NO;kotm;-;
kotm2;King of the Monsters 2 - The Next Thing (NGM-039)(NGH-039);1992;SNK;NO;neogeo;YES;-;-;
kotm2a;King of the Monsters 2 - The Next Thing (older);1992;SNK;YES;kotm2;NO;kotm2;-;
kotm2p;King of the Monsters 2 - The Next Thing (prototype);1992;SNK;YES;kotm2;NO;kotm2;-;
kizuna;Kizuna Encounter - Super Tag Battle / Fu'un Super Tag Battle;1996;SNK;NO;neogeo;YES;-;-;
lans2004;Lansquenet 2004 (Shock Troopers - 2nd Squad bootleg);1998;bootleg;YES;shocktr2;NO;shocktr2;-;
lasthope;Last Hope (bootleg AES to MVS conversion, no coin support);2005;bootleg;NO;neogeo;YES;-;-;
lhcdb;Last Hope CD Beta (Neo CD conversion);2007;NG:Dev.Team;NO;neogeo;YES;-;-;
lresortp;Last Resort (prototype);1992;SNK;YES;lresort;NO;lresort;-;
lresort;Last Resort;1992;SNK;NO;neogeo;YES;-;-;
lbowling;League Bowling (NGM-019)(NGH-019);1990;SNK;NO;neogeo;YES;-;-;
legendos;Legend of Success Joe / Ashitano Joe Densetsu;1991;SNK / WAVE;NO;neogeo;YES;-;-;
looptris;Looptris (v.2021-12-26);2021;Blastar;NO;neogeo;YES;-;-;
magdrop3bh;Magical Drop III (Secret Character Hack);1997;hack;YES;magdrop3;NO;magdrop3;-;
magdrop3te;Magical Drop III Tournament Edition;2022;hack;YES;magdrop3;NO;magdrop3;-;
magdrop3;Magical Drop III;1997;Data East Corporation;NO;neogeo;YES;-;-;
magdrop2;Magical Drop II;1996;Data East Corporation;NO;neogeo;YES;-;-;
maglordh;Magician Lord (NGH-005);1990;Alpha Denshi Co.;YES;maglord;NO;maglord;-;
maglord;Magician Lord (NGM-005);1990;Alpha Denshi Co.;NO;neogeo;YES;-;-;
mahretsu;Mahjong Kyo Retsuden (NGM-004)(NGH-004);1990;SNK;NO;neogeo;YES;-;-;
matrimbl;Matrimelee / Shin Gouketsuji Ichizoku Toukon (bootleg);2002;bootleg;YES;matrim;NO;matrim;-;
matrimbh;Matrimelee / Shin Gouketsuji Ichizoku Toukon (Enable Hidden Characters V2);2002;Creamymami[EGCG];YES;matrim;NO;matrim;-;
matrim;Matrimelee / Shin Gouketsuji Ichizoku Toukon (NGM-2660) (NGH-2660);2002;Noise Factory / Atlus;NO;neogeo;YES;-;-;
mslugdg;Metal Slug (Multifunction Hack);2018;hack;YES;mslug;NO;mslug;-;
mslug;Metal Slug - Super Vehicle-001;1996;Nazca;NO;neogeo;YES;-;-;
mslug21v2;Metal Slug 2 - Super Vehicle-001/II (1v2 Mode, Hack);2019;hack;YES;mslug2;NO;mslug2;-;
mslug2dd;Metal Slug 2 - Super Vehicle-001/II (Early Summer Starry Sky, Hack);2022;hack;YES;mslug2;NO;mslug2;-;
mslug2r;Metal Slug 2 - Super Vehicle-001/II (Enemy Remake, Hack);2014;hack;YES;mslug2;NO;mslug2;-;
mslug2eg;Metal Slug 2 - Super Vehicle-001/II (Extraction Green Turbo, Hack);2021;hack;YES;mslug2;NO;mslug2;-;
mslug2fm;Metal Slug 2 - Super Vehicle-001/II (Friendly Fire FC2, Hack);2021;hack;YES;mslug2;NO;mslug2;-;
mslug2p;Metal Slug 2 - Super Vehicle-001/II (Gun Storage, Hack);2015;hack;YES;mslug2;NO;mslug2;-;
mslug2dg;Metal Slug 2 - Super Vehicle-001/II (Multifunction Hack);2017;hack;YES;mslug2;NO;mslug2;-;
mslug2;Metal Slug 2 - Super Vehicle-001/II (NGM-2410) (NGH-2410);1998;SNK;NO;neogeo;YES;-;-;
mslug2ct;Metal Slug 2 - Super Vehicle-001/II (Survival, Hack);2018;hack;YES;mslug2;NO;mslug2;-;
mslug2t;Metal Slug 2 - Super Vehicle-001/II (Turbo);2016;hack;YES;mslug2;NO;mslug2;-;
mslug2unity;Metal Slug 2 - Super Vehicle-001/II Unity (Added Timer Ver. 2021-01-22);2021;hack;YES;mslug2;NO;mslug2;-;
mslug31v2;Metal Slug 3 (1v2 Mode, Hack);2019;hack;YES;mslug3;NO;mslug3;-;
mslug3dd;Metal Slug 3 (Early Summer Starry Sky, Hack);2022;hack;YES;mslug3;NO;mslug3;-;
mslug3c;Metal Slug 3 (Enemy Remake, Hack);2019;hack;YES;mslug3;NO;mslug3;-;
mslug3eb;Metal Slug 3 (Green Blue, Hack);2013;hack;YES;mslug3;NO;mslug3;-;
mslug3i;Metal Slug 3 (Infinite Fire Power, Hack);2021;hack;YES;mslug3;NO;mslug3;-;
mslug3ki;Metal Slug 3 (Komorebi, Hack);2022;hack;YES;mslug3;NO;mslug3;-;
mslug3lw;Metal Slug 3 (Last Bullet Remix, Hack);2022;hack;YES;mslug3;NO;mslug3;-;
mslug3g;Metal Slug 3 (Multifunction Hack);2022;hack;YES;mslug3;NO;mslug3;-;
mslug3v;Metal Slug 3 (NGH-2560) (Enhanced Violence Version, hack by EEZEZY);2012;hack;YES;mslug3;NO;mslug3;-;
mslug3h;Metal Slug 3 (NGH-2560);2000;SNK;YES;mslug3;NO;mslug3;-;
mslug3;Metal Slug 3 (NGM-2560);2000;SNK;NO;neogeo;YES;-;-;
mslug3a;Metal Slug 3 (NGM-2560, earlier);2000;SNK;YES;mslug3;NO;mslug3;-;
mslug3gw;Metal Slug 3 (Onimusha Samanosuke, Hack));2018;hack;YES;mslug3;NO;mslug3;-;
mslug3sd;Metal Slug 3 (Shop Edition, Hack);2017;hack;YES;mslug3;NO;mslug3;-;
mslug3se;Metal Slug 3 (Special Edition, Hack);2022;hack;YES;mslug3;NO;mslug3;-;
mslug3zh;Metal Slug 3 (Vehicle Summon, Hack);2017;hack;YES;mslug3;NO;mslug3;-;
mslug3x;Metal Slug 3 (X, Homebrew);2022;Willnie;NO;neogeo;YES;-;-;
mslug3unity;Metal Slug 3 Unity (Added Timer Ver. 2021-02-13);2021;hack;YES;mslug3;NO;mslug3;-;
mslug41v2;Metal Slug 4 (1v2 Mode, Hack);2019;hack;YES;mslug4;NO;mslug4;-;
mslug4a;Metal Slug 4 (20th Anniversary);2022;hack;YES;mslug4;NO;mslug4;-;
mslug4dd;Metal Slug 4 (Early Summer Starry Sky, Hack);2022;hack;YES;mslug4;NO;mslug4;-;
mslug4c;Metal Slug 4 (Enemy Remake, Hack);2021;hack;YES;mslug4;NO;mslug4;-;
mslug4ki;Metal Slug 4 (Komorebi, Hack);2022;hack;YES;mslug4;NO;mslug4;-;
mslug4lw;Metal Slug 4 (Last Bullet Remix, Hack);2018;hack;YES;mslug4;NO;mslug4;-;
mslug4dg;Metal Slug 4 (Multifunction Hack);2017;hack;YES;mslug4;NO;mslug4;-;
mslug4h;Metal Slug 4 (NGH-2630);2002;Mega / Noise Factory / Playmore;YES;mslug4;NO;mslug4;-;
mslug4;Metal Slug 4 (NGM-2630);2002;Mega / Noise Factory / Playmore;NO;neogeo;YES;-;-;
mslug4ammor;Metal Slug 4 (Random Ammunition, Hack);2016;hack;YES;mslug4;NO;mslug4;-;
mslug4q;Metal Slug 4 (The Longest Battle, Hack);2022;hack;YES;mslug4;NO;mslug4;-;
mslug4lwq;Metal Slug 4 (TLW Bulletproof vest removed, Hack);2020;hack;YES;mslug4;NO;mslug4;-;
ms4plus;Metal Slug 4 Plus (bootleg);2002;bootleg;YES;mslug4;NO;mslug4;-;
mslug4unity;Metal Slug 4 Unity (Added Timer Ver. 2021-01-30);2021;hack;YES;mslug4;NO;mslug4;-;
mslug51v2;Metal Slug 5 (1v2 Mode, Hack);2019;hack;YES;mslug5;NO;mslug5;-;
mslug5b;Metal Slug 5 (bootleg, set 1);2003;bootleg;YES;mslug5;NO;mslug5;-;
mslug5b2;Metal Slug 5 (bootleg, set 2);2003;bootleg;YES;mslug5;NO;mslug5;-;
mslug5dd;Metal Slug 5 (Early Summer Starry Sky, Hack);2022;hack;YES;mslug5;NO;mslug5;-;
mslug5mg;Metal Slug 5 (Enemy Magic, Hack);2019;hack;YES;mslug5;NO;mslug5;-;
mslug5c;Metal Slug 5 (Enemy Remake, Hack);2019;hack;YES;mslug5;NO;mslug5;-;
mslug5dbj;Metal Slug 5 (Enemy Soldier Enhanced, Hack);2022;hack;YES;mslug5;NO;mslug5;-;
mslug5ex;Metal Slug 5 (Extend Ver. 2022, Hack);2022;hack;YES;mslug5;NO;mslug5;-;
mslug5es;Metal Slug 5 (Extremely Simplified, Hack);2022;hack;YES;mslug5;NO;mslug5;-;
mslug5f;Metal Slug 5 (Fierce Battle, Hack);2015;hack;YES;mslug5;NO;mslug5;-;
mslug5ki;Metal Slug 5 (Komorebi, Hack);2022;hack;YES;mslug5;NO;mslug5;-;
mslug5d;Metal Slug 5 (Multifunction Hack);2017;hack;YES;mslug5;NO;mslug5;-;
mslug5h;Metal Slug 5 (NGH-2680);2003;SNK Playmore;YES;mslug5;NO;mslug5;-;
mslug5;Metal Slug 5 (NGM-2680);2003;SNK Playmore;NO;neogeo;YES;-;-;
mslug5sgf;Metal Slug 5 (Remake Final FC2 Version, Hack);2021;hack;YES;mslug5;NO;mslug5;-;
mslug5sg;Metal Slug 5 (Stone Turtle, Hack);2022;hack;YES;mslug5;NO;mslug5;-;
mslug5w;Metal Slug 5 (The New Campaign, Hack);2022;hack;YES;mslug5;NO;mslug5;-;
mslug5zh;Metal Slug 5 (Vehicle Summon, Hack);2018;hack;YES;mslug5;NO;mslug5;-;
mslug5x;Metal Slug 5 (X Final Ver, Hack);2022;hack;YES;mslug5;NO;mslug5;-;
ms5plus;Metal Slug 5 Plus (bootleg);2003;bootleg;YES;mslug5;NO;mslug5;-;
mslug5unity;Metal Slug 5 Unity (Added Timer Ver. 2021-04-23);2021;hack;YES;mslug5;NO;mslug5;-;
mslug3b6;Metal Slug 6 (Metal Slug 3 bootleg);2000;bootleg;YES;mslug3;NO;mslug3;-;
mslugunity;Metal Slug Unity (Added Timer Ver. 2021-02-05);2021;hack;YES;mslug;NO;mslug;-;
mslugx1v2;Metal Slug X - Super Vehicle-001 (1v2 Mode, Hack);2019;hack;YES;mslugx;NO;mslugx;-;
mslugx2r1v2;Metal Slug X - Super Vehicle-001 (2R 1v2 Mode, Hack);2020;hack;YES;mslugx;NO;mslugx;-;
mslugx2reb;Metal Slug X - Super Vehicle-001 (2R Green Blue, Hack);2020;hack;YES;mslugx;NO;mslugx;-;
mslugx2r;Metal Slug X - Super Vehicle-001 (2R, Hack);2020;hack;YES;mslugx;NO;mslugx;-;
mslugxsrf;Metal Slug X - Super Vehicle-001 (AzStar Soda Remix FC2 Version, Hack);2020;hack;YES;mslugx;NO;mslugx;-;
mslugxc2;Metal Slug X - Super Vehicle-001 (Enemy Remake, Hack);2013;hack;YES;mslugx;NO;mslugx;-;
mslugxlb;Metal Slug X - Super Vehicle-001 (Extreme Space, Hack);2015;hack;YES;mslugx;NO;mslugx;-;
mslugxeb;Metal Slug X - Super Vehicle-001 (Green Blue, Hack);2016;hack;YES;mslugx;NO;mslugx;-;
mslugxc1;Metal Slug X - Super Vehicle-001 (Multi Vehicle, Hack);2013;hack;YES;mslugx;NO;mslugx;-;
mslugx;Metal Slug X - Super Vehicle-001 (NGM-2500)(NGH-2500);1999;SNK;NO;neogeo;YES;-;-;
mslugxsc;Metal Slug X - Super Vehicle-001 (Survival, Hack);2022;hack;YES;mslugx;NO;mslugx;-;
mslugxunity;Metal Slug X - Super Vehicle-001 Unity (Added Timer Ver. 2021-01-23);2021;hack;YES;mslugx;NO;mslugx;-;
minasan;Minasanno Okagesamadesu! Daisugorokutaikai (MOM-001)(MOH-001);1990;Monolith Corp.;NO;neogeo;YES;-;-;
miexchng;Money Puzzle Exchanger / Money Idol Exchanger;1997;Face;NO;neogeo;YES;-;-;
mutnat;Mutation Nation (NGM-014)(NGH-014);1992;SNK;NO;neogeo;YES;-;-;
nam1975;NAM-1975 (NGM-001)(NGH-001);1990;SNK;NO;neogeo;YES;-;-;
neo2500;Neo 2500 Demo;2004;blastar@gmx.net;NO;neogeo;YES;-;-;
nblktiger;Neo Black Tiger (Demo);2020;OzzyOuzo;NO;neogeo;YES;-;-;
neobombe;Neo Bomberman;1997;Hudson;NO;neogeo;YES;-;-;
neocstlv;Neo CastleVania Demo;2004;Barf/BarfHappy;NO;neogeo;YES;-;-;
neodrift;Neo Drift Out - New Technology;1996;Visco;NO;neogeo;YES;-;-;
neomrdo;Neo Mr. Do!;1996;Visco;NO;neogeo;YES;-;-;
neonopon;Neo No Panepon (beta);????;blastar@gmx.net;NO;neogeo;YES;-;-;
neopang;Neo Pang;2010;CeL;NO;neogeo;YES;-;-;
neoponga;Neo Pong (ver 1.0);2002;Neo Dev Corporation;YES;neopong;NO;neopong;-;
neopong;Neo Pong (ver 1.1);2002;Neo Dev Corporation;NO;neogeo;YES;-;-;
nsmb;Neo Super Mario Bros (Demo, v0.01);2020;OzzyOuzo;NO;neogeo;YES;-;-;
syscheck;Neo System Check (ver 1.0b);????;blastar@gmx.net;NO;neogeo;YES;-;-;
neothndr;Neo Thunder;2012;Sebastian Mihai;NO;neogeo;YES;-;-;
turfmast;Neo Turf Masters / Big Tournament Golf;1996;Nazca;NO;neogeo;YES;-;-;
neocup98;Neo-Geo Cup '98 - The Road to the Victory;1998;SNK;NO;neogeo;YES;-;-;
neotet;NeoGeo 2-Player Tetris;2013;Crim/Stephen;NO;neogeo;YES;-;-;
neo3ddmo;NeoGeo 3D! Demo;2012;Oxygene;NO;neogeo;YES;-;-;
neotris;NeoTRIS (Free Beta 2, Ver. 202009);2020;Chipsonsteroids;NO;neogeo;YES;-;-;
ngem2k;NGEM2K (beta 2006-01-18);2006;homebrew;NO;neogeo;YES;-;-;
ngftdemo;NGF Transparency Demo;2012;CeL;NO;neogeo;YES;-;-;
nitdbl;Nightmare in the Dark (bootleg);2001;bootleg;YES;nitd;NO;nitd;-;
nitd;Nightmare in the Dark;2000;Eleven / Gavaking;NO;neogeo;YES;-;-;
ncombath;Ninja Combat (NGH-009);1990;Alpha Denshi Co.;YES;ncombat;NO;ncombat;-;
ncombat;Ninja Combat (NGM-009);1990;Alpha Denshi Co.;NO;neogeo;YES;-;-;
ncommand;Ninja Commando;1992;Alpha Denshi Co.;NO;neogeo;YES;-;-;
ninjamasha;Ninja Master's - haoh-ninpo-cho (Plus);1996;007325;YES;ninjamas;NO;ninjamas;-;
ninjamas;Ninja Master's - haoh-ninpo-cho;1996;ADK / SNK;NO;neogeo;YES;-;-;
overtop;Over Top;1996;ADK;NO;neogeo;YES;-;-;
samsho4k;Pae Wang Jeon Seol / Legend of a Warrior (Korean censored Samurai Shodown IV);1996;SNK;YES;samsho4;NO;samsho4;-;
panicbom;Panic Bomber;1994;Eighting / Hudson;NO;neogeo;YES;-;-;
pgoal;Pleasure Goal / Futsal - 5 on 5 Mini Soccer (NGM-219);1996;Saurus;NO;neogeo;YES;-;-;
pnyaaa;Pochi and Nyaa (Ver 2.00);2003;Aiky / Taito;YES;pnyaa;NO;pnyaa;-;
pnyaa;Pochi and Nyaa (Ver 2.02);2003;Aiky / Taito;NO;neogeo;YES;-;-;
poknight;Poker Night;199?;Jeff Kurtz;NO;neogeo;YES;-;-;
popbounc;Pop 'n Bounce / Gapporin;1997;Video System Co.;NO;neogeo;YES;-;-;
pspikes2;Power Spikes II (NGM-068);1994;Video System Co.;NO;neogeo;YES;-;-;
preisle2;Prehistoric Isle 2;1999;Yumekobo;NO;neogeo;YES;-;-;
neoprimo;Primo Demo;2013;iocerom.com;NO;neogeo;YES;-;-;
proneon;Project Neon (Caravan Edition, prealpha v0.4.19);2019;FULLSET;NO;neogeo;YES;-;-;
pulstar;Pulstar;1995;Aicom;NO;neogeo;YES;-;-;
pbobblenb;Puzzle Bobble / Bust-A-Move (Neo-Geo) (bootleg);1994;Taito;YES;pbobblen;NO;pbobblen;-;
pbobblen;Puzzle Bobble / Bust-A-Move (Neo-Geo) (NGM-083);1994;Taito;NO;neogeo;YES;-;-;
pbobbl2n;Puzzle Bobble 2 / Bust-A-Move Again (Neo-Geo);1999;Taito (SNK license);NO;neogeo;YES;-;-;
puzzldpr;Puzzle De Pon! R!;1997;Visco;YES;puzzledp;NO;puzzledp;-;
puzzledp;Puzzle De Pon!;1995;Visco;NO;neogeo;YES;-;-;
joyjoy;Puzzled / Joy Joy Kid (NGM-021)(NGH-021);1990;SNK;NO;neogeo;YES;-;-;
quizdaisk;Quiz Daisousa Sen - The Last Count Down (Korean release);1991;SNK;YES;quizdais;NO;quizdais;-;
quizdais;Quiz Daisousa Sen - The Last Count Down (NGM-023)(NGH-023);1991;SNK;NO;neogeo;YES;-;-;
quizkofk;Quiz King of Fighters (Korean release);1995;Saurus;YES;quizkof;NO;quizkof;-;
quizkof;Quiz King of Fighters (SAM-080)(SAH-080);1995;Saurus;NO;neogeo;YES;-;-;
quizdai2;Quiz Meitantei Neo & Geo - Quiz Daisousa Sen part 2 (NGM-042)(NGH-042);1992;SNK;NO;neogeo;YES;-;-;
rotdh;Rage of the Dragons (NGH-2640);2002;Evoga / Playmore;YES;rotd;NO;rotd;-;
rotd;Rage of the Dragons (NGM-264?);2002;Evoga / Playmore;NO;neogeo;YES;-;-;
ragnagrd;Ragnagard / Shin-Oh-Ken;1996;Saurus;NO;neogeo;YES;-;-;
rbff1a;Real Bout Fatal Fury / Real Bout Garou Densetsu (bug fix revision);1995;SNK;YES;rbff1;NO;rbff1;-;
rbff1k;Real Bout Fatal Fury / Real Bout Garou Densetsu (Korean release);1995;SNK;YES;rbff1;NO;rbff1;-;
rbff1ka;Real Bout Fatal Fury / Real Bout Garou Densetsu (Korean release, bug fix revision);1995;SNK;YES;rbff1;NO;rbff1;-;
rbff1;Real Bout Fatal Fury / Real Bout Garou Densetsu (NGM-095)(NGH-095);1995;SNK;NO;neogeo;YES;-;-;
rbff2k;Real Bout Fatal Fury 2 - The Newcomers (Korean release);1998;SNK;YES;rbff2;NO;rbff2;-;
rbff2h;Real Bout Fatal Fury 2 - The Newcomers / Real Bout Garou Densetsu 2 - the newcomers (NGH-2400);1998;SNK;YES;rbff2;NO;rbff2;-;
rbff2;Real Bout Fatal Fury 2 - The Newcomers / Real Bout Garou Densetsu 2 - the newcomers (NGM-2400);1998;SNK;NO;neogeo;YES;-;-;
rbff2bh;Real Bout Fatal Fury 2 - The Newcomers / Real Bout Garou Densetsu 2 - the newcomers (Secret Character Hack);1998;hack;YES;rbff2;NO;rbff2;-;
rbffspbh;Real Bout Fatal Fury Special / Real Bout Garou Densetsu Special (Boss Hack);1996;hack;YES;rbffspec;NO;rbffspec;-;
rbffspeck;Real Bout Fatal Fury Special / Real Bout Garou Densetsu Special (Korean release);1996;SNK;YES;rbffspec;NO;rbffspec;-;
rbffspec;Real Bout Fatal Fury Special / Real Bout Garou Densetsu Special;1996;SNK;NO;neogeo;YES;-;-;
ridhero;Riding Hero (NGM-006)(NGH-006);1990;SNK;NO;neogeo;YES;-;-;
ridheroh;Riding Hero (set 2);1990;SNK;YES;ridhero;NO;ridhero;-;
roboarmy;Robo Army (set 1);1991;SNK;NO;neogeo;YES;-;-;
roboarmya;Robo Army (set 2);1991;SNK;YES;roboarmy;NO;roboarmy;-;
robocopi;Robocop (FMV Demo);2009;Sergi;NO;neogeo;YES;-;-;
samshoh;Samurai Shodown / Samurai Spirits (NGH-045);1993;SNK;YES;samsho;NO;samsho;-;
samsho;Samurai Shodown / Samurai Spirits (NGM-045);1993;SNK;NO;neogeo;YES;-;-;
samshoa;Samurai Shodown / Samurai Spirits (NGM-045, alternate board);1993;SNK;YES;samsho;NO;samsho;-;
samsho2;Samurai Shodown II / Shin Samurai Spirits - Haohmaru jigokuhen (NGM-063)(NGH-063);1994;SNK;NO;neogeo;YES;-;-;
samsho2new;Samurai Shodown II / Shin Samurai Spirits - Haohmaru jigokuhen (Optimized);2020;hack;YES;samsho2;NO;samsho2;-;
samsho2sp;Samurai Shodown II / Shin Samurai Spirits - Haohmaru jigokuhen (Special 2017, hack);2017;hack;YES;samsho2;NO;samsho2;-;
samsho3h;Samurai Shodown III / Samurai Spirits - Zankurou Musouken (NGH-087);1995;SNK;YES;samsho3;NO;samsho3;-;
samsho3;Samurai Shodown III / Samurai Spirits - Zankurou Musouken (NGM-087);1995;SNK;NO;neogeo;YES;-;-;
samsho4;Samurai Shodown IV - Amakusa's Revenge / Samurai Spirits - Amakusa Kourin (NGM-222)(NGH-222);1996;SNK;NO;neogeo;YES;-;-;
samsho4sp;Samurai Shodown IV - Amakusa's Revenge / Samurai Spirits - Amakusa Kourin (Special 2017, hack);1996;hack;YES;samsho4;NO;samsho4;-;
samsho5b;Samurai Shodown V / Samurai Spirits Zero (bootleg);2003;bootleg;YES;samsho5;NO;samsho5;-;
samsho5x;Samurai Shodown V / Samurai Spirits Zero (hack of XBOX version);2003;hack;YES;samsho5;NO;samsho5;-;
samsho5h;Samurai Shodown V / Samurai Spirits Zero (NGH-2700);2003;Yuki Enterprise / SNK Playmore;YES;samsho5;NO;samsho5;-;
samsho5;Samurai Shodown V / Samurai Spirits Zero (NGM-2700, set 1);2003;Yuki Enterprise / SNK Playmore;NO;neogeo;YES;-;-;
samsho5a;Samurai Shodown V / Samurai Spirits Zero (NGM-2700, set 2);2003;Yuki Enterprise / SNK Playmore;YES;samsho5;NO;samsho5;-;
samsh5pf;Samurai Shodown V Perfect / Samurai Spirits Zero Perfect (bootleg, hack);2020;bootleg;YES;samsh5sp;NO;samsh5sp;-;
samsh5spho;Samurai Shodown V Special / Samurai Spirits Zero Special (NGH-2720) (1st release, censored);2004;Yuki Enterprise / SNK Playmore;YES;samsh5sp;NO;samsh5sp;-;
samsh5sph;Samurai Shodown V Special / Samurai Spirits Zero Special (NGH-2720) (2nd release, less censored);2004;Yuki Enterprise / SNK Playmore;YES;samsh5sp;NO;samsh5sp;-;
samsh5fe;Samurai Shodown V Special / Samurai Spirits Zero Special (NGM-272) (NGH-272) (Final Edition, location test version);2004;Yuki Enterprise / SNK Playmore;YES;samsh5sp;NO;samsh5sp;-;
samsh5sp;Samurai Shodown V Special / Samurai Spirits Zero Special (NGM-2720);2004;Yuki Enterprise / SNK Playmore;NO;neogeo;YES;-;-;
samsho2k;Saulabi Spirits / Jin Saulabi Tu Hon (Korean release of Samurai Shodown II);1994;SNK;YES;samsho2;NO;samsho2;-;
samsho2ka;Saulabi Spirits / Jin Saulabi Tu Hon (Korean release of Samurai Shodown II, set 2);1994;SNK;YES;samsho2;NO;samsho2;-;
savagereb;Savage Reign / Fu'un Mokushiroku - kakutou sousei (Boss Hack);1995;Yumeji, Dodowang[EGCG];YES;savagere;NO;savagere;-;
savagere;Savage Reign / Fu'un Mokushiroku - kakutou sousei;1995;SNK;NO;neogeo;YES;-;-;
sengokuh;Sengoku / Sengoku Denshou (NGH-017)(US);1991;SNK;YES;sengoku;NO;sengoku;-;
sengoku;Sengoku / Sengoku Denshou (NGM-017)(NGH-017);1991;SNK;NO;neogeo;YES;-;-;
sengoku2;Sengoku 2 / Sengoku Denshou 2;1993;SNK;NO;neogeo;YES;-;-;
sengoku3s;Sengoku 3 / Sengoku Densho 2001 (Evolution 1.0, FCHT hack);2001;hack;YES;sengoku3;NO;sengoku3;-;
sengoku3fs;Sengoku 3 / Sengoku Densho 2001 (Feng Shen Edition);2020;hack;YES;sengoku3;NO;sengoku3;-;
sengoku3eb;Sengoku 3 / Sengoku Densho 2001 (Green Blue);2013;hack;YES;sengoku3;NO;sengoku3;-;
sengoku3;Sengoku 3 / Sengoku Densho 2001 (set 1);2001;SNK / Noise Factory;NO;neogeo;YES;-;-;
sengoku3a;Sengoku 3 / Sengoku Densho 2001 (Set 2);2001;SNK / Noise Factory;YES;sengoku3;NO;sengoku3;-;
beast;Shadow of the Beast (Neo Geo demo);????;Jeff Kurtz;NO;neogeo;YES;-;-;
shocktro;Shock Troopers (set 1);1997;Saurus;NO;neogeo;YES;-;-;
shocktroa;Shock Troopers (set 2);1997;Saurus;YES;shocktro;NO;shocktro;-;
shocktr2;Shock Troopers - 2nd Squad;1998;Saurus;NO;neogeo;YES;-;-;
svcboot;SNK vs. Capcom - SVC Chaos (bootleg);2003;bootleg;YES;svc;NO;svc;-;
svc;SNK vs. Capcom - SVC Chaos (NGM-2690)(NGH-2690);2003;SNK Playmore;NO;neogeo;YES;-;-;
svcplus;SNK vs. Capcom - SVC Chaos Plus (bootleg set 1);2003;bootleg;YES;svc;NO;svc;-;
svcplusa;SNK vs. Capcom - SVC Chaos Plus (bootleg set 2);2003;bootleg;YES;svc;NO;svc;-;
svcsplus;SNK vs. Capcom - SVC Chaos Super Plus (bootleg);2003;bootleg;YES;svc;NO;svc;-;
socbrawlh;Soccer Brawl (NGH-031);1991;SNK;YES;socbrawl;NO;socbrawl;-;
socbrawl;Soccer Brawl (NGM-031);1991;SNK;NO;neogeo;YES;-;-;
spidermi;Spiderman (FMV Demo);2009;Sergi;NO;neogeo;YES;-;-;
spinmast;Spin Master / Miracle Adventure;1993;Data East Corporation;NO;neogeo;YES;-;-;
stakwin;Stakes Winner / Stakes Winner - GI kinzen seiha e no michi;1995;Saurus;NO;neogeo;YES;-;-;
stakwin2;Stakes Winner 2;1996;Saurus;NO;neogeo;YES;-;-;
strhoop;Street Hoop / Street Slam / Dunk Dream (DEM-004) (DEH-004);1994;Data East Corporation;NO;neogeo;YES;-;-;
s1945p;Strikers 1945 Plus;1999;Psikyo;NO;neogeo;YES;-;-;
sdodgebh;Super Dodge Ball / Kunio no Nekketsu Toukyuu Densetsu (Secret Character Hack);1996;hack;YES;sdodgeb;NO;sdodgeb;-;
sdodgeb;Super Dodge Ball / Kunio no Nekketsu Toukyuu Densetsu;1996;Technos;NO;neogeo;YES;-;-;
ssideki;Super Sidekicks / Tokuten Ou;1992;SNK;NO;neogeo;YES;-;-;
ssideki2;Super Sidekicks 2 - The World Championship / Tokuten Ou 2 - real fight football (NGM-061)(NGH-061);1994;SNK;NO;neogeo;YES;-;-;
ssideki3;Super Sidekicks 3 - The Next Glory / Tokuten Ou 3 - eikou e no michi;1995;SNK;NO;neogeo;YES;-;-;
moshougi;Syougi No Tatsujin - Master of Shougi;1995;ADK / SNK;NO;neogeo;YES;-;-;
twsoc96;Tecmo World Soccer '96;1996;Tecmo;NO;neogeo;YES;-;-;
tmnti;Teenage Mutant Ninja Turtles (FMV Demo);2009;Sergi;NO;neogeo;YES;-;-;
tmntia;Teenage Mutant Ninja Turtles (FMV Demo, alt);2009;Sergi;YES;tmnti;NO;tmnti;-;
teot;The Eye of Typhoon (Beta 7 Version);2022;OzzyOuzo;NO;neogeo;YES;-;-;
irrmaze;The Irritating Maze / Ultra Denryu Iraira Bou;1997;SNK / Saurus;NO;neogeo;YES;-;-;
kof94rz;The King of Fighters '94 (Hack Boss Remixed);1994;ZKW;YES;kof94;NO;kof94;-;
kof94;The King of Fighters '94 (NGM-055)(NGH-055);1994;SNK;NO;neogeo;YES;-;-;
kof94br;The King of Fighters '94 (Portuguese edition Hack);1994;SNK;YES;kof94;NO;kof94;-;
kof95b;The King of Fighters '95 (Enable Hidden Characters V.[?]);1995;Ydmis & Creamymami[EGCG];YES;kof95;NO;kof95;-;
kof95h;The King of Fighters '95 (NGH-084);1995;SNK;YES;kof95;NO;kof95;-;
kof95a;The King of Fighters '95 (NGH-084, alternate board);1995;SNK;YES;kof95;NO;kof95;-;
kof95;The King of Fighters '95 (NGM-084);1995;SNK;NO;neogeo;YES;-;-;
kof95sp;The King of Fighters '95 (Special 2017, hack);2017;hack;YES;kof95;NO;kof95;-;
kof96ae;The King of Fighters '96 (Anniversary Edition, EGHT hack);2007;hack;YES;kof96;NO;kof96;-;
kof96ep;The King of Fighters '96 (bootleg / hack);1996;bootleg;YES;kof96;NO;kof96;-;
kof96cn;The King of Fighters '96 (Chinese Edition ver 1.0, hack);200?;hack;YES;kof96;NO;kof96;-;
kof96h;The King of Fighters '96 (NGH-214);1996;SNK;YES;kof96;NO;kof96;-;
kof96;The King of Fighters '96 (NGM-214);1996;SNK;NO;neogeo;YES;-;-;
kof96a;The King of Fighters '96 (NGM-214, alternate board);1996;SNK;YES;kof96;NO;kof96;-;
kof96ae20;The King of Fighters '96 (The Anniversary Edition 2.0, Build 2.3.0320);2020;hack;YES;kof96;NO;kof96;-;
kof96rp08sp;The King of Fighters '96 - Remix Plus 08 SP (hack);2008;hack;YES;kof96;NO;kof96;-;
kof96rss;The King of Fighters '96 Remix Spring Special (Hack, Version 1.5);2005;hack;YES;kof96;NO;kof96;-;
kof97cn;The King of Fighters '97 (10th Anniversary Chinese Edition, EGHT hack);2007;hack;YES;kof97;NO;kof97;-;
kof97ps;The King of Fighters '97 (Imitation Playstation final improved version 2016-10-29);1997;Eddids;YES;kof97;NO;kof97;-;
kof97ip;The King of Fighters '97 (Invincible Plus! B2.1.2107);2021;hack;YES;kof97;NO;kof97;-;
kof97k;The King of Fighters '97 (Korean release);1997;SNK;YES;kof97;NO;kof97;-;
kof97h;The King of Fighters '97 (NGH-2320);1997;SNK;YES;kof97;NO;kof97;-;
kof97;The King of Fighters '97 (NGM-2320);1997;SNK;NO;neogeo;YES;-;-;
kof97tp;The King of Fighters '97 (Optimised Edition 2020);2020;hack;YES;kof97;NO;kof97;-;
kof97t;The King of Fighters '97 (Optimized Edition);2014;hack;YES;kof97;NO;kof97;-;
kof97pm;The King of Fighters '97 (Practice Mode);1997;hack;YES;kof97;NO;kof97;-;
kof97ae;The King of Fighters '97 - Anniversary Edition (Build 2.1.0212);2018;EGHT;YES;kof97;NO;kof97;-;
kof97aef;The King of Fighters '97 - Anniversary Edition (Build 2.1.1811);2020-08-10;hack;YES;kof97;NO;kof97;-;
kof97cbt;The King of Fighters '97 - Combo Training (Hack, Ver. 2018);2019;hack;YES;kof97;NO;kof97;-;
kof97xt;The King of Fighters '97 - Final Battle (hack);2007;hack;YES;kof97;NO;kof97;-;
kof97rc;The King of Fighters '97 - Random Combo (Hack, Ver. 2010);2019;hack;YES;kof97;NO;kof97;-;
kof97evn;The King of Fighters '97 Evolution New (Hack);200?;hack;YES;kof97;NO;kof97;-;
kof97oro;The King of Fighters '97 oroshi plus 2003;1997;bootleg;YES;kof97;NO;kof97;-;
kof97pls;The King of Fighters '97 Plus (bootleg);1997;bootleg;YES;kof97;NO;kof97;-;
kof97pla;The King of Fighters '97 Plus 2003 (bootleg / hack);2003;bootleg;YES;kof97;NO;kof97;-;
kof97sp;The King of Fighters '97 Special Edition (hack);2015;hack;YES;kof97;NO;kof97;-;
kof98ae2016;The King of Fighters '98 (Anniversary Edition build 1.2.0827);2016;hack;YES;kof98;NO;kof98;-;
kof98ae;The King of Fighters '98 (Anniversary Edition, EGHT hack);2007;hack;YES;kof98;NO;kof98;-;
kof98cp;The King of Fighters '98 (Combo Plus);2020;hack;YES;kof98;NO;kof98;-;
kof98cb;The King of Fighters '98 (Combo, hack);2018;hack;YES;kof98;NO;kof98;-;
kof98pfe;The King of Fighters '98 (Plus Final Edition 2017-07-23);2019;hack;YES;kof98;NO;kof98;-;
kof98ratio;The King of Fighters '98 (Ratio hack);2021;bankbank;YES;kof98;NO;kof98;-;
kof98ult;The King of Fighters '98 (Ultimate Match);2020;hack;YES;kof98;NO;kof98;-;
kof98k;The King of Fighters '98 - The Slugfest / King of Fighters '98 - dream match never ends (Korean board, set 1);1998;SNK;YES;kof98;NO;kof98;-;
kof98ka;The King of Fighters '98 - The Slugfest / King of Fighters '98 - dream match never ends (Korean board, set 2);1998;SNK;YES;kof98;NO;kof98;-;
kof98h;The King of Fighters '98 - The Slugfest / King of Fighters '98 - dream match never ends (NGH-2420);1998;SNK;YES;kof98;NO;kof98;-;
kof98;The King of Fighters '98 - The Slugfest / King of Fighters '98 - dream match never ends (NGM-2420);1998;SNK;NO;neogeo;YES;-;-;
kof98a;The King of Fighters '98 - The Slugfest / King of Fighters '98 - dream match never ends (NGM-2420, alternate board);1998;SNK;YES;kof98;NO;kof98;-;
kof98bc2nd;The King of Fighters '98 BC 2nd Impact Edition (Hack, Ver.2020-07-29);2020;hack;YES;kof98;NO;kof98;-;
kof98bc2k2;The King of Fighters '98 BC Style 2002 (Hack);20??;hack;YES;kof98;NO;kof98;-;
kof98eckg;The King of Fighters '98 Easy Combo King (GOTVG Version, Hack);2019;hack;YES;kof98;NO;kof98;-;
kof98ecky;The King of Fighters '98 Easy Combo King (YZKOF Version, Hack);2022;hack;YES;kof98;NO;kof98;-;
kof98mix;The King of Fighters '98 Mix (2015-12-29);2015;hack;YES;kof98;NO;kof98;-;
kof99jh;The King of Fighters '99 - Evolution;2022;hack;YES;kof99;NO;kof99;-;
kof99sk;The King of Fighters '99 - Fluent and Refreshing;2022;hack;YES;kof99;NO;kof99;-;
kof99e;The King of Fighters '99 - Millennium Battle (earlier);1999;SNK;YES;kof99;NO;kof99;-;
kof99k;The King of Fighters '99 - Millennium Battle (Korean release);1999;SNK;YES;kof99;NO;kof99;-;
kof99ka;The King of Fighters '99 - Millennium Battle (Korean release, non-encrypted program);1999;SNK;YES;kof99;NO;kof99;-;
kof99h;The King of Fighters '99 - Millennium Battle (NGH-2510);1999;SNK;YES;kof99;NO;kof99;-;
kof99;The King of Fighters '99 - Millennium Battle (NGM-2510);1999;SNK;NO;neogeo;YES;-;-;
kof99p;The King of Fighters '99 - Millennium Battle (prototype);1999;SNK;YES;kof99;NO;kof99;-;
kof99ae;The King of Fighters '99 Anniversary Edition (hack);2020;Yashional;YES;kof99;NO;kof99;-;
kof99eur;The King of Fighters '99 Evolution Ultra Remix (Hack By Yashional);201?;hack;YES;kof99;NO;kof99;-;
kof99eur2;The King of Fighters '99 Evolution Ultra Remix 2015 (Hack);2015;hack;YES;kof99;NO;kof99;-;
kof99rp;The King of Fighters '99 Remix Pro (v2.01 Final);2022;hack;YES;kof99;NO;kof99;-;
kof99sr;The King of Fighters '99 Summer Revolution (Hack By FCHT);200?;hack;YES;kof99;NO;kof99;-;
kof10th;The King of Fighters 10th Anniversary (bootleg);2002;bootleg;YES;kof2002;NO;kof2002;-;
kof10thd;The King of Fighters 10th Anniversary (The King of Fighters 2002 bootleg / Fully Decrypted);200?;hack;YES;kof2002;NO;kof2002;-;
kf2k5uni;The King of Fighters 10th Anniversary 2005 Unique (bootleg);2004;bootleg;YES;kof2002;NO;kof2002;-;
kof10thuo;The King of Fighters 10th Anniversary 2020 (Optimized version 2020);2020;hack;YES;kof2002;NO;kof2002;-;
kf10thep;The King of Fighters 10th Anniversary Extra Plus (bootleg);2005;bootleg;YES;kof2002;NO;kof2002;-;
kof2000;The King of Fighters 2000 (NGM-2570) (NGH-2570);2000;SNK;NO;neogeo;YES;-;-;
kof2000n;The King of Fighters 2000 (not encrypted);2000;SNK;YES;kof2000;NO;kof2000;-;
kof2000ps2;The King of Fighters 2000 (Playstation 2 ver. , EGHT hack);2000;hack;YES;kof2000;NO;kof2000;-;
kof2000bc;The King of Fighters 2000 - Imitate BC 14 System (Hack By Aillis);2021;hack;YES;kof2000;NO;kof2000;-;
kof2000otc;The King of Fighters 2000 OTC;2022;hack;YES;kof2000;NO;kof2000;-;
kof2000pls;The King of Fighters 2000 Plus (Blue);2018;hack;YES;kof2000;NO;kof2000;-;
kof2kxxx;The King of Fighters 2000 SP XXX (Hack, Ver. 2016-01-04);2016;hack;YES;kof2000;NO;kof2000;-;
kof2000sp;The King of Fighters 2000 Special (Final Version);2021;hack;YES;kof2000;NO;kof2000;-;
kof2001h;The King of Fighters 2001 (NGH-2621);2001;SNK / Eolith;YES;kof2001;NO;kof2001;-;
kof2001;The King of Fighters 2001 (NGM-262?);2001;SNK / Eolith;NO;neogeo;YES;-;-;
kof2001pkz;The King of Fighters 2001 (PS2 Krizalid Edition);2021;hack;YES;kof2001;NO;kof2001;-;
kf2k1pls;The King of Fighters 2001 Plus (set 1, bootleg / hack);2002;bootleg;YES;kof2001;NO;kof2001;-;
kf2k1pa;The King of Fighters 2001 Plus (set 2, bootleg / hack);2002;bootleg;YES;kof2001;NO;kof2001;-;
kof2k1rp;The King of Fighters 2001 Remix Pro v1.02 Final (Hack By Jason, Kim & Raymonose);Version 2004-03-01;hack;YES;kof2001;NO;kof2001;-;
kof2001ru;The King of Fighters 2001 Remix Ultra 2.3 (Hack By Jason FGCH);Version 2004-05-07;hack;YES;kof2001;NO;kof2001;-;
kof2001ult;The King of Fighters 2001 Ultimate;2022;hack;YES;kof2001;NO;kof2001;-;
kof2002b;The King of Fighters 2002 (bootleg);2002;bootleg;YES;kof2002;NO;kof2002;-;
kof2002;The King of Fighters 2002 (NGM-2650)(NGH-2650);2002;Eolith / Playmore;NO;neogeo;YES;-;-;
kof2k2omg;The King of Fighters 2002 (Omega v.0?);2002;hack;YES;kof2002;NO;kof2002;-;
kof2k2omg8;The King of Fighters 2002 (Omega v0.8);2010;hack;YES;kof2002;NO;kof2002;-;
kof2k2omg9b;The King of Fighters 2002 (Omega v0.9 beta);2011;hack;YES;kof2002;NO;kof2002;-;
kof2k2omg9;The King of Fighters 2002 (Omega v0.9);2012;hack;YES;kof2002;NO;kof2002;-;
kf2k2ps2re;The King of Fighters 2002 (PlayStation 2 v1.0 Public Beta);2018;hack;YES;kof2002;NO;kof2002;-;
kf2k2ps2;The King of Fighters 2002 (PlayStation 2 ver 0.4, EGHT hack);2007;hack;YES;kof2002;NO;kof2002;-;
kof2002ps2;The King of Fighters 2002 (PlayStation 2, Hack);2018;hack;YES;kof2002;NO;kof2002;-;
kof2k2plus;The King of Fighters 2002 (Plus 2017);2020;hack;YES;kof2002;NO;kof2002;-;
kf2k23rd;The King of Fighters 2002 - 3rd Strike of Orochi (Hack by EGCG/EGHT);2020-06-14;hack;YES;kof2002;NO;kof2002;-;
kf2k2mp;The King of Fighters 2002 Magic Plus (bootleg);2002;bootleg;YES;kof2002;NO;kof2002;-;
kf2k2mp2;The King of Fighters 2002 Magic Plus II (bootleg);2002;bootleg;YES;kof2002;NO;kof2002;-;
kf2k2pls;The King of Fighters 2002 Plus (bootleg set 1);2002;bootleg;YES;kof2002;NO;kof2002;-;
kf2k2pla;The King of Fighters 2002 Plus (bootleg set 2);2002;bootleg;YES;kof2002;NO;kof2002;-;
kf2k2plb;The King of Fighters 2002 Plus (bootleg set 3);2002;bootleg;YES;kof2002;NO;kof2002;-;
kf2k2ru35;The King of Fighters 2002 Remix Ultra 3.5 (Hack By FCHT);2006;hack;YES;kof2002;NO;kof2002;-;
kf2k2plc;The King of Fighters 2002 Super (bootleg);2002;bootleg;YES;kof2002;NO;kof2002;-;
kf2k3bl;The King of Fighters 2003 (bootleg set 1);2003;bootleg;YES;kof2003;NO;kof2003;-;
kf2k3bla;The King of Fighters 2003 (bootleg set 2);2003;bootleg;YES;kof2003;NO;kof2003;-;
kof2003h;The King of Fighters 2003 (NGH-2710);2003;SNK Playmore;YES;kof2003;NO;kof2003;-;
kof2003;The King of Fighters 2003 (NGM-2710);2003;SNK Playmore;NO;neogeo;YES;-;-;
kf2k3ps2sp;The King of Fighters 2003 - PS2 Style Portraits (Hack By 0 Day-S, Eddids, Hiker);20??;hack;YES;kof2003;NO;kof2003;-;
kf2k3ps2;The King of Fighters 2003 PlayStation 2 (Hack By EGCG);2006;hack;YES;kof2003;NO;kof2003;-;
kf2k3pl;The King of Fighters 2004 Plus / Hero (bootleg);2003;bootleg;YES;kof2003;NO;kof2003;-;
kf2k3upl;The King of Fighters 2004 Ultra Plus (bootleg);2003;bootleg;YES;kof2003;NO;kof2003;-;
kof2k4se;The King of Fighters Special Edition 2004 (bootleg);2004;bootleg;YES;kof2002;NO;kof2002;-;
kf2k4pls;The King of Fighters Special Edition 2004 Plus (bootleg);2004;bootleg;YES;kof2002;NO;kof2002;-;
lastbladh;The Last Blade / Bakumatsu Roman - Gekka no Kenshi (NGH-2340);1997;SNK;YES;lastblad;NO;lastblad;-;
lastblad;The Last Blade / Bakumatsu Roman - Gekka no Kenshi (NGM-2340);1997;SNK;NO;neogeo;YES;-;-;
lastblada;The Last Blade / Bakumatsu Roman - Gekka no Kenshi (NGM-2340, alternate board);1997;SNK;YES;lastblad;NO;lastblad;-;
lastbladsp;The Last Blade / Bakumatsu Roman - Gekka no Kenshi (Special 2017, hack);2017;hack;YES;lastblad;NO;lastblad;-;
lb2b;The Last Blade 2 / Bakumatsu Roman - Dai Ni Maku Gekka no Kenshi (Enable Hidden Characters V4);1998;Dodowang[EGCG];YES;lastbld2;NO;lastbld2;-;
lastbld2eh;The Last Blade 2 / Bakumatsu Roman - Dai Ni Maku Gekka no Kenshi (Enhanced Hack);1998;hack;YES;lastbld2;NO;lastbld2;-;
lastbld2;The Last Blade 2 / Bakumatsu Roman - Dai Ni Maku Gekka no Kenshi (NGM-2430)(NGH-2430);1998;SNK;NO;neogeo;YES;-;-;
lastbld2te;The Last Blade 2 / Bakumatsu Roman - Dai Ni Maku Gekka no Kenshi (Team Edition Hack);1998;hack;YES;lastbld2;NO;lastbld2;-;
lastsold;The Last Soldier (Korean release of The Last Blade);1997;SNK;YES;lastblad;NO;lastblad;-;
superspy;The Super Spy (NGM-011)(NGH-011);1990;SNK;NO;neogeo;YES;-;-;
ssideki4;The Ultimate 11 - The SNK Football Championship / Tokuten Ou - Honoo no Libero;1996;SNK;NO;neogeo;YES;-;-;
trally;Thrash Rally (ALM-003)(ALH-003);1991;Alpha Denshi Co.;NO;neogeo;YES;-;-;
timesupd;Time's UP! (Demo);2012;NGF Dev. Inc.;NO;neogeo;YES;-;-;
timesup;Time's UP!;2012;NGF Dev. Inc.;NO;neogeo;YES;-;-;
tophuntrh;Top Hunter - Roddy & Cathy (NGH-046);1994;SNK;YES;tophuntr;NO;tophuntr;-;
tophuntr;Top Hunter - Roddy & Cathy (NGM-046);1994;SNK;NO;neogeo;YES;-;-;
tpgolf;Top Player's Golf (NGM-003)(NGH-003);1990;SNK;NO;neogeo;YES;-;-;
totc;Treasure of the Caribbean;2011;FACE Corporation / N.C.I - Le Cortex;NO;neogeo;YES;-;-;
twinspri;Twinkle Star Sprites;1996;ADK;NO;neogeo;YES;-;-;
vliner53;V-Liner (v0.53);2001;Dyna / BreezaSoft;YES;vliner;NO;vliner;-;
vliner54;V-Liner (v0.54);2001;Dyna / BreezaSoft;YES;vliner;NO;vliner;-;
vliner6e;V-Liner (v0.6e);2001;Dyna / BreezaSoft;YES;vliner;NO;vliner;-;
vliner;V-Liner (v0.7a);2001;Dyna / BreezaSoft;NO;neogeo;YES;-;-;
vliner7e;V-Liner (v0.7e);2001;Dyna / BreezaSoft;YES;vliner;NO;vliner;-;
viewpoinp;Viewpoint (prototype);1992;SNK;YES;viewpoin;NO;viewpoin;-;
viewpoin;Viewpoint;1992;Sammy / Aicom;NO;neogeo;YES;-;-;
gowcaizr;Voltage Fighter - Gowcaizer / Choujin Gakuen Gowcaizer;1995;Technos;NO;neogeo;YES;-;-;
wakuwak7bh;Waku Waku 7 (Boss Hack);1996;hack;YES;wakuwak7;NO;wakuwak7;-;
wakuwak7;Waku Waku 7;1996;Sunsoft;NO;neogeo;YES;-;-;
wjammers;Windjammers / Flying Power Disc;1994;Data East Corporation;NO;neogeo;YES;-;-;
wh1h;World Heroes (ALH-005);1992;Alpha Denshi Co.;YES;wh1;NO;wh1;-;
wh1;World Heroes (ALM-005);1992;Alpha Denshi Co.;NO;neogeo;YES;-;-;
wh1ha;World Heroes (set 3);1992;Alpha Denshi Co.;YES;wh1;NO;wh1;-;
wh2h;World Heroes 2 (ALH-006);1993;ADK;YES;wh2;NO;wh2;-;
wh2;World Heroes 2 (ALM-006)(ALH-006);1993;ADK;NO;neogeo;YES;-;-;
wh2j;World Heroes 2 Jet (ADM-007)(ADH-007);1994;ADK / SNK;NO;neogeo;YES;-;-;
wh2ja;World Heroes 2 Jet (ADM-007);1994;ADK / SNK;YES;wh2j;NO;wh2j;-;
whp;World Heroes Perfect;1995;ADK / SNK;NO;neogeo;YES;-;-;
neoww2;WW2 (Demo) - Arcade Development Project;2012;Charles DOTY/RasterSoft (USA);NO;neogeo;YES;-;-;
xenocrisis;Xeno Crisis (NGM-BB01) (NGH-BB01);2019;Bitmap Bureau;NO;neogeo;YES;-;-;
zedblade;Zed Blade / Operation Ragnarok;1994;NMK;NO;neogeo;YES;-;-;
zintrckb;Zintrick / Oshidashi Zentrix (hack / bootleg);1996;hack / bootleg;NO;neogeo;YES;-;-;
zintrkcd;Zintrick / Oshidashi Zentrix (Neo CD conversion);1996;hack;YES;zintrckb;NO;zintrckb;-;
zupapa;Zupapa!;2001;SNK;NO;neogeo;YES;-;-;
neogeo;Neo Geo;1990;SNK;NO;-;YES;-;-;
