name;cloneof;description;is_clone;is_parent;manufacturer;romof;sampleof;year
005;-;005;YES;NO;Sega;-;-;1981;
720;-;720 Degrees (rev 4);YES;NO;Atari Games;-;-;1986;
280zzzap;-;Datsun 280 Zzzap;YES;NO;Midway;-;-;1976;
40love;-;Forty-Love;YES;NO;Taito Corporation;-;-;1984;
47pie2;-;Idol Janshi Su-Chi-Pie 2 (v1.1);YES;NO;Jaleco;-;-;1994;
7jigen;-;7jigen no Youseitachi - Mahjong 7 Dimensions (Japan);YES;NO;Dynax;-;-;1990;
8ball;-;Video Eight Ball;YES;NO;Century Electronics;cvs;-;1982;
aafb;-;All American Football (rev E);YES;NO;Leland Corp.;-;-;1989;
abaseb;-;Atari Baseball (set 1);YES;NO;Atari;-;-;1979;
ace;-;Ace;YES;NO;Allied Leisure;-;-;1976;
acedrvrw;-;Ace Driver (Rev. AD2, World);YES;NO;Namco;-;-;1994;
acpsx;-;Acclaim PSX;YES;NO;Acclaim;-;-;1996;
ainferno;-;Air Inferno (US);YES;NO;Taito America Corporation;-;-;1990;
airco22b;-;Air Combat 22 (Rev. ACS1 Ver.B);YES;NO;Namco;-;-;1995;
aircombj;-;Air Combat (Japan);YES;NO;Namco;-;-;1992;
alleymas;-;Alley Master;YES;NO;Cinematronics;-;-;1986;
alphaho;-;Alpha Fighter - Head On;YES;NO;Data East Corporation;-;invinco;19??;
alpinerd;-;Alpine Racer (Rev. AR2 Ver.D);YES;NO;Namco;-;-;1995;
amerdart;-;AmeriDarts;YES;NO;Ameri;-;-;1989;
andromed;-;Andromeda (Japan[Q]);YES;NO;Irem;-;-;1979;
apb;-;APB - All Points Bulletin (rev 7);YES;NO;Atari Games;-;-;1987;
apparel;-;Apparel Night (Japan 860929);YES;NO;Central Denshi;-;-;1986;
aquarush;-;Aqua Rush (AQ1-VER.A);YES;NO;Namco;-;-;1999;
area51;-;Area 51;YES;NO;Atari Games;-;-;1995;
area51mx;-;Area 51 - Maximum Force Duo v2.0;YES;NO;Atari Games;-;-;1998;
arlingtn;-;Arlington Horse Racing (v1.21-D);YES;NO;Strata/Incredible Technologies;-;-;1991;
armora;-;Armor Attack;YES;NO;Cinematronics;-;-;1980;
astinvad;-;Astro Invader;YES;NO;Stern;-;invaders;1980;
astrass;-;Astra SuperStars;YES;NO;Sunsoft;stvbios;-;1998;
astrob;-;Astro Blaster (version 3);YES;NO;Sega;-;-;1981;
astrof;-;Astro Fighter (set 1);YES;NO;Data East;-;-;1979;
astropal;-;Astropal;YES;NO;Sidam;-;invaders;1980;
asylum;-;Asylum (prototype);YES;NO;Leland Corp.;-;-;1991;
atarifb;-;Atari Football (revision 2);YES;NO;Atari;-;-;1978;
ataxx;-;Ataxx (set 1);YES;NO;Leland Corp.;-;-;1990;
av2mj1bb;-;AV2Mahjong No.1 Bay Bridge no Seijo (Japan);YES;NO;MIKI SYOUJI/AV JAPAN;-;-;1991;
av2mj2rg;-;AV2Mahjong No.2 Rouge no Kaori (Japan);YES;NO;MIKI SYOUJI/AV JAPAN;-;-;1991;
avalnche;-;Avalanche;YES;NO;Atari;-;-;1978;
bakubaku;-;Baku Baku Animal;YES;NO;Sega;stvbios;-;1996;
ballbomb;-;Balloon Bomber;YES;NO;Taito;-;invaders;1980;
balonfgt;-;Vs. Balloon Fight;YES;NO;Nintendo;-;-;1984;
bananadr;-;Mahjong Banana Dream [BET] (Japan 891124);YES;NO;Digital Soft;-;-;1989;
barricad;-;Barricade;YES;NO;RamTek;-;-;1976;
barrier;-;Barrier;YES;NO;Vectorbeam;-;-;1979;
basebal2;-;Baseball The Season II;YES;NO;Cinematronics;-;-;1987;
batmanfr;-;Batman Forever;YES;NO;Acclaim;stvbios;-;1996;
battlcry;-;Battlecry;YES;NO;Home Data;-;-;1991;
battleg;-;Battle Garegga - Type 2 (Denmark - China) (Tue Apr 2 1996);YES;NO;Raizing / Eighting;-;-;1996;
battlera;-;Battle Rangers (World);YES;NO;Data East Corporation;-;-;1988;
bbonk;-;Bigfoot Bonkers;YES;NO;Meadows Games, Inc.;-;-;1976;
bbprot;-;Untitled Fighter 'BB' (prototype);YES;NO;<unknown>;-;-;199?;
beaminv;-;Beam Invader;YES;NO;Tekunon Kougyou;-;-;19??;
beastrzr;-;Beastorizer;YES;NO;Eighting/Raizing;psarc95;-;1997;
beathead;-;BeatHead (prototype);YES;NO;Atari Games;-;-;1993;
beezer;-;Beezer (set 1);YES;NO;Tong Electronic;-;-;1982;
bigevglf;-;Big Event Golf;YES;NO;Taito America Corporation;-;-;1986;
bijokkog;-;Bijokko Gakuen (Japan 880116);YES;NO;Nichibutsu;-;-;1988;
bijokkoy;-;Bijokko Yume Monogatari (Japan 870925);YES;NO;Nichibutsu;-;-;1987;
biofreak;-;BioFreaks (prototype);YES;NO;Midway Games;-;-;1997;
bking;-;Birdie King;YES;NO;Taito Corporation;-;-;1982;
bking2;-;Birdie King 2;YES;NO;Taito Corporation;-;-;1983;
bking3;-;Birdie King 3;YES;NO;Taito Corporation;-;-;1984;
blitz;-;NFL Blitz;YES;NO;Midway Games;-;-;1997;
blitz2k;-;NFL Blitz 2000;YES;NO;Midway Games;-;-;1999;
blitz99;-;NFL Blitz '99;YES;NO;Midway Games;-;-;1998;
blueshrk;-;Blue Shark;YES;NO;Midway;-;-;1978;
bm1stmix;-;beatmania (ver JA-B);YES;NO;Konami;-;-;1997;
bm2ndmix;-;beatmania 2nd MIX (ver JA-B);YES;NO;Konami;-;-;1998;
bm4thmix;-;beatmania 4th MIX (ver JA-A);YES;NO;Konami;-;-;1999;
bmcompmx;-;beatmania complete MIX (ver JA-B);YES;NO;Konami;-;-;1999;
bmcorerm;-;beatmania CORE REMIX (ver JA-A);YES;NO;Konami;-;-;2000;
bmdct;-;beatmania f. Dreams Come True (ver JA-A);YES;NO;Konami;-;-;2000;
bnglngby;-;Vs. Raid on Bungeling Bay (Japan);YES;NO;Nintendo / Broderbund Software Inc.;-;-;1985;
boothill;-;Boot Hill;YES;NO;Midway;-;-;1977;
borntofi;-;Born To Fight;YES;NO;International Games;-;-;1987;
bosco;-;Bosconian (new version);YES;NO;Namco;-;-;1981;
bowler;-;4 Player Bowling Alley;YES;NO;Midway;-;-;1978;
boxer;-;Boxer (prototype);YES;NO;Atari;-;-;1978;
boxingb;-;Boxing Bugs;YES;NO;Cinematronics;-;-;1981;
brickzn;-;Brick Zone (v5.0);YES;NO;SunA;-;-;1992;
brutforc;-;Brute Force;YES;NO;Leland Corp.;-;-;1991;
brvblade;-;Brave Blade (JAPAN);YES;NO;Eighting/Raizing;psarc95;-;2000;
bsktball;-;Basketball;YES;NO;Atari;-;-;1979;
btlecity;-;Vs. Battle City;YES;NO;Namco;-;-;1985;
bullfgtr;-;Bull Fighter;YES;NO;Alpha Denshi Co. (Sega license);-;-;1984;
bwing;-;B-Wings (Japan);YES;NO;Data East Corporation;-;-;1984;
cabaret;-;Cabaret;YES;NO;IGS;-;-;19??;
calspeed;-;California Speed;YES;NO;Atari Games;-;-;1998;
cannonb;-;Cannon Ball (Crazy Climber hardware);YES;NO;Soft;-;-;1985;
carnevil;-;CarnEvil;YES;NO;Midway Games;-;-;1998;
carpolo;-;Car Polo;YES;NO;Exidy;-;-;1977;
catapult;-;Catapult;YES;NO;Epos Corporation;-;-;1982;
cbasebal;-;Capcom Baseball (Japan);YES;NO;Capcom;-;-;1989;
ccasino;-;Chinese Casino [BET] (Japan);YES;NO;V-System Co.;-;-;1987;
cchasm;-;Cosmic Chasm (set 1);YES;NO;Cinematronics / GCE;-;-;1983;
cerberus;-;Cerberus;YES;NO;Cinematronics;-;-;1985;
challeng;-;Challenger;YES;NO;GamePlan (Centuri license);-;-;1981;
champbas;-;Champion Baseball;YES;NO;Sega;-;-;1983;
champbb2;-;Champion Baseball II;YES;NO;Sega;-;-;1983;
chboxing;-;Champion Boxing;YES;NO;Sega;-;-;1984;
checkmat;-;Checkmate;YES;NO;Midway;-;-;1977;
chinmoku;-;Mahjong Chinmoku no Hentai (Japan 900511);YES;NO;Nichibutsu;-;-;1990;
chplft;-;Choplifter;YES;NO;Sega;-;-;1985;
chwrestl;-;Champion Pro Wrestling;YES;NO;Sega;-;-;1985;
circus;-;Circus;YES;NO;Exidy;-;-;1977;
citylove;-;City Love (Japan 860908);YES;NO;Nichibutsu;-;-;1986;
clayshoo;-;Clay Shoot;YES;NO;Allied Leisure;-;-;1979;
clowns;-;Clowns (rev. 2);YES;NO;Midway;-;circus;1978;
club90s;-;Mahjong CLUB 90's (set 1) (Japan 900919);YES;NO;Nichibutsu;-;-;1990;
cluclu;-;Vs. Clu Clu Land;YES;NO;Nintendo;-;-;1984;
cmehyou;-;Mahjong Circuit no Mehyou (Japan);YES;NO;Nichibutsu/Kawakusu;-;-;1992;
colmns97;-;Columns 97;YES;NO;Sega;stvbios;-;1996;
combasc;-;Combat School (joystick);YES;NO;Konami;-;-;1988;
compgolf;-;Competition Golf Final Round (revision 3);YES;NO;Data East;-;-;1986;
coolpool;-;Cool Pool;YES;NO;Catalina;-;-;1992;
copsnrob;-;Cops'n Robbers;YES;NO;Atari;-;-;1976;
cosmica;-;Cosmic Alien;YES;NO;Universal;-;-;1979;
cosmicg;-;Cosmic Guerilla;YES;NO;Universal;-;-;1979;
cosmicm2;-;Cosmic Monsters II;YES;NO;Universal;-;invaders;1979;
cosmicmo;-;Cosmic Monsters;YES;NO;Universal;-;invaders;1979;
cosmo;-;Cosmo;YES;NO;TDS & Mints;-;invaders;1979;
cosmos;-;Cosmos;YES;NO;Century Electronics;cvs;-;1981;
cotton2;-;Cotton 2;YES;NO;Success;stvbios;-;1997;
cottonbm;-;Cotton Boomerang;YES;NO;Success;stvbios;-;1998;
cprosocc;-;Cassette: Pro Soccer;YES;NO;DECO;decocass;-;1983;
cpzn1;-;ZN1;YES;NO;Sony/Capcom;-;-;1997;
cpzn2;-;ZN2;YES;NO;Sony/Capcom;-;-;1997;
crash;-;Crash;YES;NO;Exidy;-;-;1979;
crater;-;Crater Raider;YES;NO;Bally Midway;-;-;1984;
crgolf;-;Crowns Golf (set 1);YES;NO;Nasco Japan;-;-;1984;
crusnusa;-;Cruis'n USA (rev L4.1);YES;NO;Midway;-;-;1994;
crusnwld;-;Cruis'n World (rev L2.3);YES;NO;Midway;-;-;1996;
cryptklr;-;Crypt Killer (ver. UAA);YES;NO;Konami;-;-;1995;
crystal2;-;Crystal Gal 2 (Japan 860620);YES;NO;Nichibutsu;-;-;1986;
crystalg;-;Crystal Gal (Japan 860512);YES;NO;Nichibutsu;-;-;1986;
cshift;-;Chicken Shift;YES;NO;Bally/Sente;-;-;1984;
cshooter;-;Cross Shooter (not encrypted);YES;NO;[Seibu Kaihatsu] (Taito license);-;-;1987;
csprint;-;Championship Sprint (rev 3);YES;NO;Atari Games;-;-;1986;
cstlevna;-;Vs. Castlevania;YES;NO;Konami;-;-;1987;
cupsoc;-;Seibu Cup Soccer;YES;NO;Seibu;-;-;1992;
cvs;-;CVS Bios;YES;NO;Century Electronics;-;-;1981;
cyberbal;-;Cyberball (rev 4);YES;NO;Atari Games;-;-;1988;
cybrcomm;-;Cyber Commando (Rev. CY1, Japan);YES;NO;Namco;-;-;1995;
cybrcycc;-;Cyber Cycles (Rev. CB2 Ver.C);YES;NO;Namco;-;-;1995;
cybsled;-;Cyber Sled;YES;NO;Namco;-;-;1993;
daireika;-;Mahjong Daireikai;YES;NO;Jaleco / NMK;-;-;1989;
daiskiss;-;Daisu-Kiss (ver JAA);YES;NO;Konami;konamigx;-;1996;
daiyogen;-;Mahjong Daiyogen (Japan);YES;NO;Video System Co.;-;-;1990;
dakkochn;-;DakkoChan Jansoh;YES;NO;Sega;-;-;1987;
danceyes;-;Dancing Eyes (DC1-VER.A);YES;NO;Namco;-;-;1996;
danchih;-;Danchi de Hanafuda;YES;NO;Altron (Tecmo license);stvbios;-;1999;
dangerex;-;Danger Express (prototype);YES;NO;Atari Games;-;-;1992;
dangerz;-;Danger Zone;YES;NO;Cinematronics;-;-;1986;
darkwar;-;Dark Warrior;YES;NO;Century Electronics;cvs;-;1981;
dazzler;-;Dazzler;YES;NO;Century Electronics;cvs;-;1982;
dblplay;-;Super Baseball Double Play Home Run Derby;YES;NO;Leland Corp. / Tradewest;-;-;1987;
ddenlovr;-;Don Den Lover Vol. 1 (Hong Kong);YES;NO;Dynax;-;-;1996;
ddungeon;-;Dangerous Dungeons;YES;NO;East Coast Coin Company (Melbourne);-;-;1992;
deadeye;-;Dead Eye;YES;NO;Meadows;-;-;1978;
decathlt;-;Decathlete;YES;NO;Sega;stvbios;-;1995;
demon;-;Demon;YES;NO;Rock-ola;-;-;1982;
demoneye;-;Demoneye-X;YES;NO;Irem;-;-;1981;
depthch;-;Depthcharge;YES;NO;Gremlin;-;-;1977;
desertgu;-;Desert Gun;YES;NO;Midway;-;-;1977;
destroyr;-;Destroyer;YES;NO;Atari;-;-;1977;
devzone;-;Devil Zone;YES;NO;Universal;-;-;1980;
diehard;-;Die Hard Arcade (US);YES;NO;Sega;stvbios;-;1996;
digger;-;Digger;YES;NO;Sega;-;-;1980;
diggerc;-;Digger (CVS);YES;NO;Century Electronics;cvs;-;1982;
dlair;-;Dragon's Lair;YES;NO;Cinematronics;-;-;1983;
doapp;-;Dead Or Alive ++ (JAPAN);YES;NO;Tecmo;tps;-;1998;
dodgem;-;Dodgem;YES;NO;Zaccaria;-;-;1979;
dogpatch;-;Dog Patch;YES;NO;Midway;-;circus;1977;
dokidoki;-;Doki Doki Penguin Land;YES;NO;Sega;-;-;1985;
dokyusei;-;Mahjong Doukyuusei;YES;NO;Make Software / Elf / Media Trading;-;-;1995;
dokyusp;-;Mahjong Doukyuusei Special;YES;NO;Make Software / Elf / Media Trading;-;-;1995;
dominos;-;Dominos;YES;NO;Atari;-;-;1977;
dondenmj;-;Don Den Mahjong [BET] (Japan);YES;NO;Dyna Electronics;-;-;1986;
dragoonj;-;Dragoon Might (ver JAA);YES;NO;Konami;konamigx;-;1995;
dragrace;-;Drag Race;YES;NO;Atari;-;-;1977;
dragwld2;-;Zhong Guo Long II (ver. 100C, China);YES;NO;IGS;pgm;-;1997;
drgnwrld;-;Dragon World (World, V040O);YES;NO;IGS;-;-;1997;
drgpunch;-;Dragon Punch (Japan);YES;NO;Dynax;-;-;1989;
drivedge;-;Driver's Edge;YES;NO;Strata/Incredible Technologies;-;-;1994;
drmario;-;Vs. Dr. Mario;YES;NO;Nintendo;-;-;1990;
duckhunt;-;Vs. Duck Hunt;YES;NO;Nintendo;-;-;1985;
dunkmnia;-;Dunk Mania (DM1-VER.C);YES;NO;Namco;-;-;1995;
dw;-;Dynasty Wars (World);YES;NO;Capcom;-;-;1989;
dynobop;-;Dyno Bop;YES;NO;Grand Products/Incredible Technologies;-;-;1990;
ebases;-;Extra Bases;YES;NO;Midway;-;-;1980;
eggventr;-;Egg Venture;YES;NO;The Game Room;-;-;1997;
ehrgeiz;-;Ehrgeiz (EG3-VER.A);YES;NO;Square/Namco;-;-;1998;
einnings;-;Extra Inning;YES;NO;Midway;-;-;1978;
ejihon;-;Ejihon Tantei Jimusyo;YES;NO;Sega;stvbios;-;1995;
elandore;-;Fighting Dragon Legend Elan Doree;YES;NO;Sai-Mate;stvbios;-;1998;
embargo;-;Embargo;YES;NO;Cinematronics;-;-;1977;
enigma2;-;Enigma 2;YES;NO;GamePlan (Zilec Electronics license);-;-;1981;
equites;-;Equites;YES;NO;Alpha Denshi Co.;-;-;1984;
excitebk;-;Vs. Excitebike;YES;NO;Nintendo;-;-;1984;
exctsccr;-;Exciting Soccer;YES;NO;Alpha Denshi Co.;-;-;1983;
f1superb;-;F1 Super Battle;YES;NO;Jaleco;-;-;1994;
fantasy;-;Fantasy (US);YES;NO;[SNK] (Rock-ola license);-;-;1981;
fax;-;Fax;YES;NO;Exidy;-;-;1983;
ffreveng;-;Final Fight Revenge;YES;NO;Capcom;stvbios;-;1999;
fgtlayer;-;Fighting Layer (FTL1-VER.A);YES;NO;Arika/Namco;-;-;1998;
fhboxers;-;Funky Head Boxers;YES;NO;Sega;stvbios;-;1995;
fieldday;-;Field Day;YES;NO;Taito Corporation;-;-;1984;
findlove;-;Find Love;YES;NO;Daiki;stvbios;-;1996;
findout;-;Find Out;YES;NO;Elettronolo;-;-;1987;
fireone;-;Fire One;YES;NO;Exidy;-;-;1979;
firetrk;-;Fire Truck;YES;NO;Atari;-;-;1978;
fitfight;-;Fit of Fighting;YES;NO;bootleg;-;-;199?;
flyball;-;Flyball;YES;NO;Atari;-;-;1976;
frogs;-;Frogs;YES;NO;Gremlin;-;-;1978;
fromanc2;-;Taisen Idol-Mahjong Final Romance 2 (Japan);YES;NO;Video System Co.;-;-;1995;
fromanc4;-;Taisen Mahjong FinalRomance 4 (Japan);YES;NO;Video System Co.;-;-;1998;
fromance;-;Idol-Mahjong Final Romance (Japan);YES;NO;Video System Co.;-;-;1991;
fromancr;-;Taisen Mahjong FinalRomance R (Japan);YES;NO;Video System Co.;-;-;1995;
ftimpcta;-;Fighter's Impact Ace (JAPAN);YES;NO;Taito;taitofx1;-;1996;
ftsoccer;-;Fighting Soccer;YES;NO;SNK;-;-;1988;
gakupara;-;Quiz Gakuen Paradise (Japan);YES;NO;NMK;-;-;1991;
gakusai;-;Mahjong Gakuensai (Japan);YES;NO;MakeSoft;-;-;1997;
gakusai2;-;Mahjong Gakuensai 2 (Japan);YES;NO;MakeSoft;-;-;1998;
gal10ren;-;Mahjong Gal 10-renpatsu (Japan);YES;NO;FUJIC;-;-;1993;
galactic;-;Galactica - Batalha Espacial;YES;NO;Taito do Brasil;-;invaders;1980;
galkaika;-;Mahjong Gal no Kaika (Japan);YES;NO;Nichibutsu/T.R.TEC;-;-;1989;
galkoku;-;Mahjong Gal no Kokuhaku (Japan);YES;NO;Nichibutsu/T.R.TEC;-;-;1989;
galpandx;-;Gals Panic DX (Asia);YES;NO;Kaneko;skns;-;2001;
galpani2;-;Gals Panic II (Japan[Q]);YES;NO;Kaneko;-;-;1993;
galxwars;-;Galaxy Wars (Universal set 1);YES;NO;Universal;-;invaders;1979;
gaxeduel;-;Golden Axe - The Duel;YES;NO;Sega;stvbios;-;1994;
gcpinbal;-;Grand Cross;YES;NO;Excellent System;-;-;1994;
gdarius;-;G-Darius (JAPAN);YES;NO;Taito;taitofx1;-;1997;
gekiretu;-;Quiz Gekiretsu Scramble (Japan);YES;NO;Face;-;-;1992;
gekirido;-;Gekirindan (Japan);YES;NO;Taito Corporation;-;-;1995;
getstar;-;Guardian (US);YES;NO;Taito America Corp;-;-;1986;
gghost;-;Goalie Ghost;YES;NO;Bally/Sente;-;-;1984;
gimeabrk;-;Gimme A Break;YES;NO;Bally/Sente;-;-;1985;
gionbana;-;Gionbana (Japan 890120);YES;NO;Nichibutsu;-;-;1989;
glfgreat;-;Golfing Greats;YES;NO;Konami;-;-;1991;
glpracr;-;Gallop Racer (JAPAN Ver 9.01.12);YES;NO;Tecmo;cpzn1;-;1996;
glpracr2;-;Gallop Racer 2 (USA);YES;NO;Tecmo;tps;-;1997;
gmissile;-;Guided Missile;YES;NO;Midway;-;-;1977;
gokuparo;-;Gokujyou Parodius (ver JAD);YES;NO;Konami;konamigx;-;1994;
goldbug;-;Gold Bug;YES;NO;Century Electronics;cvs;-;1982;
golgo13;-;Golgo 13 (GLG1-VER.A);YES;NO;Raizing/Namco;-;-;1999;
gomoku;-;Gomoku Narabe Renju;YES;NO;Nichibutsu;-;-;1981;
goonies;-;Vs. The Goonies;YES;NO;Konami;-;-;1986;
gorf;-;Gorf;YES;NO;Midway;-;-;1981;
gpgolf;-;Golden Par Golf (Joystick, V1.1);YES;NO;Strata/Incredible Technologies;-;-;1992;
grchamp;-;Grand Champion;YES;NO;Taito;-;-;1981;
grdforce;-;Guardian Force;YES;NO;Success;stvbios;-;1998;
greatgun;-;Great Guns;YES;NO;Stern;-;-;1983;
greenber;-;Green Beret (Irem);YES;NO;Irem;-;-;1980;
gridiron;-;Gridiron Fight;YES;NO;Tehkan;-;-;1985;
gridlee;-;Gridlee;YES;NO;Videa;-;-;1983;
groovef;-;Power Instinct 3 - Groove On Fight;YES;NO;Atlus;stvbios;-;1996;
grtwall;-;The Great Wall;YES;NO;IGS;-;-;1994;
grudge;-;Grudge Match (prototype);YES;NO;Bally/Midway;-;-;198?;
gstriker;-;Grand Striker;YES;NO;Human;-;-;1993;
gsword;-;Great Swordsman;YES;NO;Taito Corporation;-;-;1984;
gtg;-;Golden Tee Golf (Joystick, v3.1);YES;NO;Strata/Incredible Technologies;-;-;1990;
gtg2;-;Golden Tee Golf II (Trackball, V2.2);YES;NO;Strata/Incredible Technologies;-;-;1992;
guardian;-;Guardians of the Hood;YES;NO;Atari Games;-;-;1992;
gundealr;-;Gun Dealer (set 1);YES;NO;Dooyong;-;-;1990;
gunfight;-;Gun Fight;YES;NO;Midway;-;-;1975;
gypsyjug;-;Gypsy Juggler;YES;NO;Meadows;-;-;1978;
halleys;-;Halley's Comet (US);YES;NO;Taito America Corporation (Coin-It license);-;-;1986;
hanaawas;-;Hana Awase (Flower Matching);YES;NO;Seta;-;-;1982;
hanagumi;-;Hanagumi Taisen Columns - Sakura Wars;YES;NO;Sega;stvbios;-;1998;
hanakanz;-;Hanakanzashi (Japan);YES;NO;Dynax;-;-;1996;
hanamai;-;Hana no Mai (Japan);YES;NO;Dynax;-;-;1988;
hanamomo;-;Mahjong Hana no Momoko gumi (Japan 881201);YES;NO;Nichibutsu;-;-;1988;
hanaoji;-;Hana to Ojisan [BET] (Japan 911209);YES;NO;Nichibutsu;-;-;1991;
hanaroku;-;Hanaroku;YES;NO;Alba;-;-;1988;
harddriv;-;Hard Drivin' (cockpit, rev 7);YES;NO;Atari Games;-;-;1988;
hardhat;-;Hard Hat;YES;NO;Exidy;-;-;1982;
hattrick;-;Hat Trick;YES;NO;Bally/Sente;-;-;1984;
hdrivair;-;Hard Drivin's Airborne (prototype);YES;NO;Atari Games;-;-;1993;
headon2;-;Head On 2;YES;NO;Sega;-;-;1979;
heartatk;-;Heart Attack;YES;NO;Century Electronics;cvs;-;1983;
helifire;-;HeliFire (set 1);YES;NO;Nintendo;-;-;1980;
highsplt;-;Space Fever High Splitter (set 1);YES;NO;Nintendo;-;-;1979;
histryma;-;The History of Martial Arts;YES;NO;bootleg;-;-;199?;
hitme;-;Hit Me;YES;NO;RamTek;-;-;1976;
hmcompm2;-;hiphopmania complete MIX 2 (ver UA-A);YES;NO;Konami;-;-;2000;
hnayayoi;-;Hana Yayoi (Japan);YES;NO;Dyna Electronics;-;-;1987;
hnoridur;-;Hana Oriduru (Japan);YES;NO;Dynax;-;-;1989;
hogalley;-;Vs. Hogan's Alley;YES;NO;Nintendo;-;-;1985;
homerun;-;Moero Pro Yakyuu Homerun;YES;NO;Jaleco;-;-;1988;
hotsmash;-;Hot Smash;YES;NO;Taito;-;-;1987;
hourouki;-;Mahjong Hourouki Part 1 - Seisyun Hen (Japan);YES;NO;Home Data;-;-;1987;
housemn2;-;House Mannequin Roppongi Live hen (Japan 870418);YES;NO;Nichibutsu;-;-;1987;
housemnq;-;House Mannequin (Japan 870217);YES;NO;Nichibutsu;-;-;1987;
hstennis;-;Hot Shots Tennis (V1.1);YES;NO;Strata/Incredible Technologies;-;-;1990;
hvoltage;-;High Voltage;YES;NO;Alpha Denshi Co.;-;-;1985;
hyhoo;-;Taisen Quiz HYHOO (Japan);YES;NO;Nichibutsu;-;-;1987;
hyhoo2;-;Taisen Quiz HYHOO 2 (Japan);YES;NO;Nichibutsu;-;-;1987;
iceclimb;-;Vs. Ice Climber;YES;NO;Nintendo;-;-;1984;
iceclmrj;-;Vs. Ice Climber Dual (Japan);YES;NO;Nintendo;-;-;1984;
idhimitu;-;Idol no Himitsu [BET] (Japan 890304);YES;NO;Digital Soft;-;-;1989;
idolmj;-;Idol-Mahjong Housoukyoku (Japan);YES;NO;System Service;-;-;1988;
idsoccer;-;Indoor Soccer;YES;NO;Universal;-;-;1985;
iemoto;-;Iemoto (Japan 871020);YES;NO;Nichibutsu;-;-;1987;
imekura;-;Imekura Mahjong (Japan);YES;NO;SPHINX/AV JAPAN;-;-;1994;
indianbt;-;Indian Battle;YES;NO;Taito;-;invaders;1980;
indyheat;-;Danny Sullivan's Indy Heat;YES;NO;Leland Corp.;-;-;1991;
indytemp;-;Indiana Jones and the Temple of Doom (set 1);YES;NO;Atari Games;-;-;1985;
inferno;-;Inferno (Williams);YES;NO;Williams;-;-;1984;
introdon;-;Karaoke Quiz Intro Don Don!;YES;NO;Sunsoft / Success;stvbios;-;1996;
invad2ct;-;Space Invaders II (Midway, cocktail);YES;NO;Midway;-;invaders;1980;
invadpt2;-;Space Invaders Part II (Taito);YES;NO;Taito;-;invaders;1979;
invasion;-;Invasion (Sidam);YES;NO;Sidam;-;invaders;1980;
invds;-;Invinco - Deep Scan;YES;NO;Sega;-;invinco;1979;
invho2;-;Invinco - Head On 2;YES;NO;Sega;-;invinco;1979;
invinco;-;Invinco;YES;NO;Sega;-;-;1979;
invrvnge;-;Invader's Revenge;YES;NO;Zenitone Microsec Ltd.;-;invaders;19??;
ipminvad;-;IPM Invader;YES;NO;Irem;-;-;1979?;
irobot;-;I, Robot;YES;NO;Atari;-;-;1983;
jackrabt;-;Jack Rabbit (set 1);YES;NO;Zaccaria;-;-;1984;
jajamaru;-;Vs. Ninja Jajamaru Kun (Japan);YES;NO;Jaleco;-;-;1985;
jdredd;-;Judge Dredd (Rev C);YES;NO;Acclaim;acpsx;-;1996;
jogakuen;-;Mahjong Jogakuen (Japan);YES;NO;Windom;-;-;1992?;
josvolly;-;Joshi Volleyball;YES;NO;Taito Corporation;-;-;1983;
joust2;-;Joust 2 - Survival of the Fittest (set 1);YES;NO;Williams;-;-;1986;
jsk;-;Joryuu Syougi Kyoushitsu (Japan);YES;NO;Visco;-;-;1997;
jzth;-;Juezhan Tianhuang;YES;NO;<unknown>;-;-;2000;
kaguya;-;Mahjong Kaguyahime [BET] (Japan 880521);YES;NO;MIKI SYOUJI;-;-;1988;
kakumei;-;Mahjong Kakumei;YES;NO;Jaleco;-;-;1990;
kakumei2;-;Mahjong Kakumei 2 - Princess League;YES;NO;Jaleco;-;-;1992;
kanatuen;-;Kanatsuen no Onna [BET] (Japan 880905);YES;NO;Panac;-;-;1988;
kaos;-;Kaos;YES;NO;GamePlan;-;-;1981;
killcom;-;Killer Comet;YES;NO;GamePlan (Centuri license);-;-;1980;
kinst;-;Killer Instinct (v1.0);YES;NO;Rare;-;-;1994;
kinst2;-;Killer Instinct 2 (v2.1);YES;NO;Rare;-;-;1994;
kiwame;-;Pro Mahjong Kiwame;YES;NO;Athena;-;-;1994;
kiwames;-;Pro Mahjong Kiwame S;YES;NO;Athena;stvbios;-;1995;
kodure;-;Kodure Ookami (Japan);YES;NO;Nichibutsu;-;-;1987;
koinomp;-;Mahjong Koi no Magic Potion (Japan);YES;NO;Nichibutsu;-;-;1992;
konamigx;-;System GX;YES;NO;Konami;-;-;1994;
kopunch;-;KO Punch;YES;NO;Sega;-;-;1981;
korinai;-;Mahjong-zukino Korinai Menmen (Japan 880425);YES;NO;Nichibutsu;-;-;1988;
kouyakyu;-;The Koukouyakyuh;YES;NO;Alpha Denshi Co.;-;-;1985;
ladygolf;-;Vs. Stroke and Match Golf (Ladies Version);YES;NO;Nintendo;-;-;1984;
lagunar;-;Laguna Racer;YES;NO;Midway;-;-;1977;
lazercmd;-;Lazer Command;YES;NO;Meadows Games, Inc.;-;-;1976;
le2;-;Lethal Enforcers II - Gun Fighters (ver EAA);YES;NO;Konami;konamigx;-;1994;
lemnangl;-;Mahjong Lemon Angel (Japan);YES;NO;Home Data;-;-;1990;
leprechn;-;Leprechaun;YES;NO;Tong Electronic;-;-;1982;
lethalj;-;Lethal Justice;YES;NO;The Game Room;-;-;1996;
liberatr;-;Liberator (set 1);YES;NO;Atari;-;-;1982;
lockload;-;Locked 'n Loaded (US);YES;NO;Data East Corporation;-;-;1994;
logger;-;Logger;YES;NO;Century Electronics;cvs;-;1982;
looping;-;Looping (set 1);YES;NO;Venture Line;-;-;1982;
lrescue;-;Lunar Rescue;YES;NO;Taito;-;-;1979;
ltcasin2;-;Little Casino 2;YES;NO;Digital Controls Inc.;-;-;1984;
ltcasino;-;Little Casino;YES;NO;Digital Controls Inc.;-;-;1982;
lupin3;-;Lupin III;YES;NO;Taito;-;invaders;1980;
m4;-;M-4;YES;NO;Midway;-;-;1977;
m79amb;-;M79 Ambush;YES;NO;RamTek;-;-;1977;
mace;-;Mace - The Dark Age;YES;NO;Atari Games;-;-;1996;
mach3;-;M.A.C.H. 3;YES;NO;Mylstar;-;-;1983;
machridr;-;Vs. Mach Rider (Endurance Course Version);YES;NO;Nintendo;-;-;1985;
madalien;-;Mad Alien;YES;NO;Data East Corporation;-;-;1980;
madball;-;Mad Ball V2.0;YES;NO;Yun Sung;-;-;1998;
magspot;-;Magical Spot;YES;NO;Universal;-;-;1980;
magspot2;-;Magical Spot II;YES;NO;Universal;-;-;1980;
mahmajn;-;Tokoro San no MahMahjan;YES;NO;Sega;-;-;1992;
mahmajn2;-;Tokoro San no MahMahjan 2;YES;NO;Sega;-;-;1994;
maiko;-;Maikobana (Japan 900802);YES;NO;Nichibutsu;-;-;1990;
majs101b;-;Mahjong Studio 101 [BET] (Japan);YES;NO;Dynax;-;-;1988;
malzak;-;Malzak;YES;NO;Kitronix;-;-;19??;
marble;-;Marble Madness (set 1);YES;NO;Atari Games;-;-;1984;
marinedt;-;Marine Date;YES;NO;Taito;-;-;1981;
maruchan;-;Maru-Chan de Goo!;YES;NO;Sega;stvbios;-;1997;
mastfury;-;Master's Fury;YES;NO;Unico;-;-;1996;
mausuke;-;Mausuke no Ojama the World;YES;NO;Data East;stvbios;-;1995;
maxforce;-;Maximum Force v1.05;YES;NO;Atari Games;-;-;1996;
maya;-;Maya;YES;NO;Promat;-;-;1994;
mayhem;-;Mayhem 2002;YES;NO;Cinematronics;-;-;1985;
mayumi;-;Kikiippatsu Mayumi-chan (Japan);YES;NO;[Sanritsu] Victory L.L.C.;-;-;1988;
maze;-;Amazing Maze;YES;NO;Midway;-;-;1976;
mazerbla;-;Mazer Blazer;YES;NO;Stern;-;-;1983;
mcnpshnt;-;Mahjong Campus Hunting (Japan);YES;NO;Dynax;-;-;1990;
mcontest;-;Miss Mahjong Contest (Japan);YES;NO;Nichibutsu;-;-;1989;
mdhorse;-;Derby Quiz My Dream Horse (MDH1-VER.A);YES;NO;Namco;-;-;1998;
medlanes;-;Meadows Lanes;YES;NO;Meadows Games, Inc.;-;-;1977;
megab;-;Mega Blast (World);YES;NO;Taito Corporation Japan;-;-;1989;
megaplay;-;MegaPlay: BIOS;YES;NO;Sega;-;-;1993;
megatack;-;MegaTack;YES;NO;GamePlan (Centuri license);-;-;1980;
megatech;-;MegaTech - Bios;YES;NO;Sega;-;-;1989;
mermaid;-;Mermaid;YES;NO;[Sanritsu] Rock-ola;-;-;1982;
mfunclub;-;Mahjong Fun Club - Idol Saizensen (Japan);YES;NO;Video System Co.;-;-;1989;
mgcldate;-;Magical Date (JAPAN) set 1;YES;NO;Taito;taitofx1;-;1996;
mgmen89;-;Mahjong G-MEN'89 (Japan 890425);YES;NO;Nichibutsu;-;-;1989;
mhgaiden;-;Mahjong Hourouki Gaiden (Japan);YES;NO;Home Data;-;-;1987;
mightybj;-;Vs. Mighty Bomb Jack (Japan);YES;NO;Tecmo;-;-;1986;
minferno;-;Inferno (S2650);YES;NO;Meadows;-;-;1978;
minigolf;-;Mini Golf (set 1);YES;NO;Bally/Sente;-;-;1985;
mjanbari;-;Medal Mahjong Janjan Baribari [BET] (Japan);YES;NO;Nichibutsu/Yubis/AV JAPAN;-;-;1992;
mjangels;-;Mahjong Angels - Comic Theater Vol.2 (Japan);YES;NO;Dynax;-;-;1991;
mjcamera;-;Mahjong Camera Kozou (Japan 881109);YES;NO;MIKI SYOUJI;-;-;1988;
mjclinic;-;Mahjong Clinic (Japan);YES;NO;Home Data;-;-;1988;
mjderngr;-;Mahjong Derringer (Japan);YES;NO;Dynax;-;-;1989;
mjdialq2;-;Mahjong Dial Q2 (Japan);YES;NO;Dynax;-;-;1991;
mjdiplob;-;Mahjong Diplomat [BET] (Japan);YES;NO;Dynax;-;-;1987;
mjegolf;-;Mahjong Erotica Golf (Japan);YES;NO;FUJIC/AV JAPAN;-;-;1994;
mjfocus;-;Mahjong Focus (Japan 890313);YES;NO;Nichibutsu;-;-;1989;
mjfriday;-;Mahjong Friday (Japan);YES;NO;Dynax;-;-;1989;
mjgottsu;-;Mahjong Gottsu ee-kanji (Japan);YES;NO;Nichibutsu;-;-;1991;
mjhokite;-;Mahjong Hourouki Okite (Japan);YES;NO;Home Data;-;-;1988;
mjifb;-;Mahjong If [BET] (Japan);YES;NO;Dynax;-;-;1990;
mjikaga;-;Mahjong Ikaga Desu ka (Japan);YES;NO;Mitchell;-;-;1991?;
mjkinjas;-;Mahjong Kinjirareta Asobi (Japan);YES;NO;Home Data;-;-;1991;
mjkoiura;-;Mahjong Koi Uranai (Japan);YES;NO;Nichibutsu;-;-;1992;
mjkojink;-;Mahjong Kojinkyouju (Private Teacher) (Japan);YES;NO;Home Data;-;-;1989;
mjlaman;-;Mahjong La Man (Japan);YES;NO;Nichibutsu/AV JAPAN;-;-;1993;
mjlstory;-;Mahjong Jikken Love Story (Japan);YES;NO;Nichibutsu;-;-;1991;
mjnanpas;-;Mahjong Nanpa Story (Japan 890713);YES;NO;BROOKS;-;-;1989;
mjnatsu;-;Mahjong Natsu Monogatari (Japan);YES;NO;Video System Co.;-;-;1989;
mjsikaku;-;Mahjong Shikaku (Japan 880908);YES;NO;Nichibutsu;-;-;1988;
mjsister;-;Mahjong Sisters (Japan);YES;NO;Toaplan;-;-;1986;
mjuraden;-;Mahjong Uranai Densetsu (Japan);YES;NO;Nichibutsu/Yubis;-;-;1992;
mjyougo;-;Mahjong-yougo no Kisotairyoku (Japan);YES;NO;Home Data;-;-;1989;
mjyuugi;-;Mahjong Yuugi (Japan set 1);YES;NO;Visco;-;-;1990;
mjzoomin;-;Mahjong Channel Zoom In;YES;NO;Jaleco;-;-;1990;
mkeibaou;-;Mahjong Keibaou (Japan);YES;NO;Nichibutsu;-;-;1993;
mladyhtr;-;Mahjong THE LADY HUNTER (Japan 900509);YES;NO;Nichibutsu;-;-;1990;
mmehyou;-;Medal Mahjong Circuit no Mehyou [BET] (Japan);YES;NO;Nichibutsu/Kawakusu;-;-;1992;
mmpanic;-;Monkey Mole Panic (USA);YES;NO;Nakanihon + East Technology (Taito license);-;-;1992;
monsterb;-;Monster Bash;YES;NO;Sega;-;-;1982;
montecar;-;Monte Carlo;YES;NO;Atari;-;-;1979;
monymony;-;Money Money;YES;NO;Zaccaria;-;-;1983;
moo;-;Wild West C.O.W.-Boys of Moo Mesa (World version EA);YES;NO;Konami;-;-;1992;
moonwalk;-;Michael Jackson's Moonwalker (Set 1);YES;NO;Sega;-;-;1990;
mosyougi;-;Syougi No Tatsujin - Master of Syougi;YES;NO;ADK / SNK;neogeo;-;1995;
motofren;-;Moto Frenzy;YES;NO;Atari Games;-;-;1992;
mouja;-;Mouja (Japan);YES;NO;Etona;-;-;1996;
mp_bio;-;Bio-Hazard Battle;YES;NO;Sega;megaplay;-;1993;
mp_col3;-;Columns III;YES;NO;Sega;megaplay;-;1993;
mp_gaxe2;-;Golden Axe II;YES;NO;Sega;megaplay;-;1993;
mp_shnb3;-;Shinobi III;YES;NO;Sega;megaplay;-;1993;
mp_soni2;-;Sonic The Hedgehog 2;YES;NO;Sega;megaplay;-;1993;
mp_sonic;-;Sonic The Hedgehog;YES;NO;Sega;megaplay;-;1993;
mp_sor2;-;Streets Of Rage II;YES;NO;Sega;megaplay;-;1993;
mp_twc;-;Tecmo World Cup;YES;NO;Sega;megaplay;-;1993;
mrdrillr;-;Mr Driller (DRI1-VER.A);YES;NO;Namco;-;-;1999;
mrdrilr2;-;Mr Driller 2;YES;NO;Namco;-;-;2000;
mrokumei;-;Mahjong Rokumeikan (Japan);YES;NO;Home Data;-;-;1988;
mscoutm;-;Mahjong Scout Man (Japan);YES;NO;SPHINX/AV JAPAN;-;-;1994;
msjiken;-;Mahjong Satsujin Jiken (Japan 881017);YES;NO;Nichibutsu;-;-;1988;
mt_aftrb;-;MegaTech - Afterburner;YES;NO;Sega;megatech;-;1989;
mt_astro;-;MegaTech - Astro Warrior;YES;NO;Sega;megatech;-;1989;
mt_bbros;-;MegaTech - Bonanza Bros.;YES;NO;Sega;megatech;-;1989;
mt_beast;-;MegaTech - Altered Beast;YES;NO;Sega;megatech;-;1989;
mt_eswat;-;MegaTech - E-Swat;YES;NO;Sega;megatech;-;1989;
mt_fshrk;-;MegaTech - Fire Shark;YES;NO;Sega;megatech;-;1989;
mt_gaxe;-;MegaTech - Golden Axe;YES;NO;Sega;megatech;-;1989;
mt_gaxe2;-;MegaTech - Golden Axe 2;YES;NO;Sega;megatech;-;1989;
mt_ggolf;-;MegaTech - Great Golf;YES;NO;Sega;megatech;-;1989;
mt_gng;-;MegaTech - Ghouls and Ghosts;YES;NO;Capcom / Sega;megatech;-;1989;
mt_gsocr;-;MegaTech - Great Soccer;YES;NO;Sega;megatech;-;1989;
mt_kcham;-;MegaTech - Kid Chameleon;YES;NO;Sega;megatech;-;1989;
mt_lastb;-;MegaTech - Last Battle.;YES;NO;Sega;megatech;-;1989;
mt_mwalk;-;MegaTech - Moonwalker;YES;NO;Sega;megatech;-;1989;
mt_mystd;-;MegaTech - Mystic Defender;YES;NO;Sega;megatech;-;1989;
mt_parlg;-;MegaTech - Parlour Games;YES;NO;Sega;megatech;-;1989;
mt_revsh;-;MegaTech - The Revenge Of Shinobi;YES;NO;Sega;megatech;-;1989;
mt_shar2;-;MegaTech - Space Harrier 2.;YES;NO;Sega;megatech;-;1989;
mt_shnbi;-;MegaTech - Shinobi;YES;NO;Sega;megatech;-;1989;
mt_smgp;-;MegaTech - Super Monaco Grand Prix;YES;NO;Sega;megatech;-;1990;
mt_sonic;-;MegaTech - Sonic the Hedgehog;YES;NO;Sega;megatech;-;1989;
mt_stbld;-;MegaTech - Super Thunder Blade;YES;NO;Sega;megatech;-;1989;
mt_tetri;-;MegaTech - Tetris;YES;NO;Sega;megatech;-;1989;
mt_tfor2;-;MegaTech - Thunder Force 2;YES;NO;Sega;megatech;-;1989;
mt_tgolf;-;MegaTech - Arnold Palmer Tournament Golf;YES;NO;Sega;megatech;-;1989;
mt_tlbba;-;MegaTech - Tommy Lasorda Baseball;YES;NO;Sega;megatech;-;1989;
mt_wcsoc;-;MegaTech - World Cup Soccer;YES;NO;Sega;megatech;-;1989;
mtrap;-;Mouse Trap (version 5);YES;NO;Exidy;-;-;1981;
myangel3;-;Kosodate Quiz My Angel 3 (KQT1-VER.A);YES;NO;Namco;-;-;1998;
myfairld;-;Virtual Mahjong 2 - My Fair Lady;YES;NO;Micronet;stvbios;-;1998;
mysticm;-;Mystic Marathon;YES;NO;Williams;-;-;1983;
nametune;-;Name That Tune;YES;NO;Bally/Sente;-;-;1986;
navalone;-;Navarone;YES;NO;Namco;-;-;1980;
nbajamex;-;NBA Jam Extreme;YES;NO;Acclaim;acpsx;-;1996;
ncv1;-;Namco Classics Collection Vol.1;YES;NO;Namco;-;-;1995;
ncv2;-;Namco Classics Collection Vol.2;YES;NO;Namco;-;-;1996;
neckneck;-;Neck-n-Neck (v1.2);YES;NO;Bundra Games/Incredible Technologies;-;-;1992;
nekkyoku;-;Rettou Juudan Nekkyoku Janshi - Higashi Nippon Hen (Japan);YES;NO;Video System Co.;-;-;1988;
nettoqc;-;Nettoh Quiz Champion (Japan);YES;NO;Nakanihon;-;-;1995;
ngpgal;-;Nekketsu Grand-Prix Gal (Japan);YES;NO;Nichibutsu;-;-;1991;
ninclown;-;Ninja Clowns (08-27-91);YES;NO;Strata/Incredible Technologies;-;-;1991;
niyanpai;-;Niyanpai (Japan);YES;NO;Nichibutsu;-;-;1996;
nmsengen;-;Nekketsu Mahjong Sengen! AFTER 5 (Japan);YES;NO;Video System Co.;-;-;1991;
noboranb;-;Noboranka (Japan);YES;NO;bootleg;-;-;1986;
nomnlnd;-;No Man's Land;YES;NO;Universal;-;-;1980;
nss;-;Nintendo Super System - BIOS;YES;NO;Nintendo;-;-;199?;
nss_actr;-;Nintendo Super System - Act Raiser;YES;NO;Enix;nss;-;1992;
nss_adam;-;Nintendo Super System - The Addams Family;YES;NO;Ocean;nss;-;1992;
nss_aten;-;Nintendo Super System - David Crane's Amazing Tennis;YES;NO;Absolute Entertainment Inc.;nss;-;1992;
nss_con3;-;Nintendo Super System - Contra 3 - The Alien Wars;YES;NO;Konami;nss;-;1992;
nss_fzer;-;Nintendo Super System - F-Zero;YES;NO;Nintendo;nss;-;199?;
nss_lwep;-;Nintendo Super System - Lethal Weapon;YES;NO;Ocean;nss;-;1992;
nss_ncaa;-;Nintendo Super System - NCAA Basketball;YES;NO;Sculptured Software Inc.;nss;-;1992;
nss_rob3;-;Nintendo Super System - Robocop 3;YES;NO;Ocean;nss;-;1992;
nss_skin;-;Nintendo Super System - Skins Game;YES;NO;Irem;nss;-;1992;
nss_smw;-;Nintendo Super System - Super Mario World;YES;NO;Nintendo;nss;-;199?;
nss_ssoc;-;Nintendo Super System - Super Soccer;YES;NO;Human Inc.;nss;-;1992;
nss_sten;-;Nintendo Super System - Super Tennis;YES;NO;Nintendo;nss;-;199?;
nstocker;-;Night Stocker;YES;NO;Bally/Sente;-;-;1986;
ntopstar;-;Mahjong Nerae! Top Star (Japan);YES;NO;Nichibutsu;-;-;1990;
nyny;-;New York New York;YES;NO;Sigma Enterprises Inc.;-;-;1980;
offroad;-;Ironman Stewart's Super Off-Road;YES;NO;Leland Corp.;-;-;1989;
offroadc;-;Off Road Challenge;YES;NO;Midway;-;-;1997;
offroadt;-;Ironman Stewart's Super Off-Road Track Pack;YES;NO;Leland Corp.;-;-;1989;
offtwall;-;Off the Wall (2-3-player upright);YES;NO;Atari Games;-;-;1991;
ojanko2;-;Ojanko Yakata 2bankan (Japan);YES;NO;V-System Co.;-;-;1987;
ojankoc;-;Ojanko Club (Japan);YES;NO;V-System Co.;-;-;1986;
ojankohs;-;Ojanko High School (Japan);YES;NO;V-System Co.;-;-;1988;
ojankoy;-;Ojanko Yakata (Japan);YES;NO;V-System Co.;-;-;1986;
ojousan;-;Ojousan (Japan 871204);YES;NO;Nichibutsu;-;-;1987;
opengolf;-;Konami's Open Golf Championship (ver EAD);YES;NO;Konami;konamigx;-;1994;
orangec;-;Orange Club - Maruhi Kagai Jugyou (Japan 880213);YES;NO;Daiichi Denshi;-;-;1988;
orbit;-;Orbit;YES;NO;Atari;-;-;1978;
otatidai;-;Disco Mahjong Otachidai no Okite (Japan);YES;NO;SPHINX;-;-;1995;
othellos;-;Othello Shiyouyo;YES;NO;Success;stvbios;-;1998;
othldrby;-;Othello Derby (Japan);YES;NO;Sunwise;-;-;1995;
otonano;-;Otona no Mahjong (Japan 880628);YES;NO;Apple;-;-;1988;
otwalls;-;Off the Wall (Sente);YES;NO;Bally/Sente;-;-;1984;
overdriv;-;Over Drive;YES;NO;Konami;-;-;1990;
pacapp;-;Paca Paca Passion (PPP1-VERA);YES;NO;Produce/Namco;-;-;1999;
pachiten;-;Medal Mahjong Pachi-Slot Tengoku [BET] (Japan);YES;NO;Nichibutsu/MIKI SYOUJI/AV JAPAN;-;-;1993;
pairsten;-;Pairs (System Ten) (Japan 890826);YES;NO;System Ten;-;-;1989;
panic;-;Space Panic (version E);YES;NO;Universal;-;-;1980;
paperboy;-;Paperboy (rev 3);YES;NO;Atari Games;-;-;1984;
paradise;-;Paradise;YES;NO;Yun Sung;-;-;1994+;
pastelgl;-;Pastel Gal (Japan 851224);YES;NO;Nichibutsu;-;-;1985;
patimono;-;Mahjong Pachinko Monogatari (Japan);YES;NO;Nichibutsu;-;-;1992;
pbillian;-;Prebillian;YES;NO;Taito;-;-;1986;
pblbeach;-;Pebble Beach - The Great Shot;YES;NO;TandE Soft;stvbios;-;1995;
pc_1942;-;PlayChoice-10 - 1942;YES;NO;Capcom;playch10;-;1987;
pc_bball;-;PlayChoice-10 - Baseball;YES;NO;Nintendo of America;playch10;-;1984;
pc_bfght;-;PlayChoice-10 - Balloon Fight;YES;NO;Nintendo;playch10;-;1984;
pc_bstar;-;PlayChoice-10 - Baseball Stars;YES;NO;SNK (Nintendo of America license);playch10;-;1989;
pc_cntra;-;PlayChoice-10 - Contra;YES;NO;Konami (Nintendo of America license);playch10;-;1988;
pc_cshwk;-;PlayChoice-10 - Captain Sky Hawk;YES;NO;Rare (Nintendo of America license);playch10;-;1989;
pc_cvnia;-;PlayChoice-10 - Castlevania;YES;NO;Konami (Nintendo of America license);playch10;-;1987;
pc_dbldr;-;PlayChoice-10 - Double Dribble;YES;NO;Konami (Nintendo of America license);playch10;-;1987;
pc_ddrgn;-;PlayChoice-10 - Double Dragon;YES;NO;Technos;playch10;-;1988;
pc_drmro;-;PlayChoice-10 - Dr. Mario;YES;NO;Nintendo;playch10;-;1990;
pc_duckh;-;PlayChoice-10 - Duck Hunt;YES;NO;Nintendo;playch10;-;1984;
pc_ebike;-;PlayChoice-10 - Excite Bike;YES;NO;Nintendo;playch10;-;1984;
pc_ftqst;-;PlayChoice-10 - Uncle Fester's Quest - The Addams Family;YES;NO;Sunsoft (Nintendo of America license);playch10;-;1989;
pc_gntlt;-;PlayChoice-10 - Gauntlet;YES;NO;Atari/Tengen (Nintendo of America license);playch10;-;1985;
pc_golf;-;PlayChoice-10 - Golf;YES;NO;Nintendo;playch10;-;1984;
pc_goons;-;PlayChoice-10 - The Goonies;YES;NO;Konami;playch10;-;1986;
pc_grdus;-;PlayChoice-10 - Gradius;YES;NO;Konami;playch10;-;1986;
pc_hgaly;-;PlayChoice-10 - Hogan's Alley;YES;NO;Nintendo;playch10;-;1984;
pc_kngfu;-;PlayChoice-10 - Kung Fu;YES;NO;Irem (Nintendo license);playch10;-;1984;
pc_mario;-;PlayChoice-10 - Mario Bros.;YES;NO;Nintendo;playch10;-;1983;
pc_miket;-;PlayChoice-10 - Mike Tyson's Punchout;YES;NO;Nintendo;playch10;-;1987;
pc_mman3;-;PlayChoice-10 - Mega Man 3;YES;NO;Capcom USA (Nintendo of America license);playch10;-;1990;
pc_moglf;-;PlayChoice-10 - Mario's Open Golf;YES;NO;Nintendo;playch10;-;1991;
pc_mtoid;-;PlayChoice-10 - Metroid;YES;NO;Nintendo;playch10;-;1986;
pc_ngai2;-;PlayChoice-10 - Ninja Gaiden 2;YES;NO;Tecmo (Nintendo of America license);playch10;-;1990;
pc_ngai3;-;PlayChoice-10 - Ninja Gaiden 3;YES;NO;Tecmo (Nintendo of America license);playch10;-;1991;
pc_ngaid;-;PlayChoice-10 - Ninja Gaiden;YES;NO;Tecmo (Nintendo of America license);playch10;-;1989;
pc_pinbt;-;PlayChoice-10 - PinBot;YES;NO;Rare (Nintendo of America license);playch10;-;1988;
pc_pwbld;-;PlayChoice-10 - Power Blade;YES;NO;Taito (Nintendo of America license);playch10;-;1991;
pc_pwrst;-;PlayChoice-10 - Pro Wrestling;YES;NO;Nintendo;playch10;-;1986;
pc_radr2;-;PlayChoice-10 - Rad Racer II;YES;NO;Square (Nintendo of America license);playch10;-;1990;
pc_radrc;-;PlayChoice-10 - Rad Racer;YES;NO;Square;playch10;-;1987;
pc_rcpam;-;PlayChoice-10 - RC Pro Am;YES;NO;Rare;playch10;-;1987;
pc_rkats;-;PlayChoice-10 - Rockin' Kats;YES;NO;Atlus (Nintendo of America license);playch10;-;1991;
pc_rnatk;-;PlayChoice-10 - Rush N' Attack;YES;NO;Konami (Nintendo of America license);playch10;-;1987;
pc_rrngr;-;PlayChoice-10 - Chip'n Dale - Rescue Rangers;YES;NO;Capcom USA (Nintendo of America license);playch10;-;1987;
pc_rygar;-;PlayChoice-10 - Rygar;YES;NO;Tecmo (Nintendo of America license);playch10;-;1987;
pc_sjetm;-;PlayChoice-10 - Solar Jetman;YES;NO;Rare;playch10;-;1990;
pc_smb;-;PlayChoice-10 - Super Mario Bros.;YES;NO;Nintendo;playch10;-;1985;
pc_smb2;-;PlayChoice-10 - Super Mario Bros. 2;YES;NO;Nintendo;playch10;-;1988;
pc_smb3;-;PlayChoice-10 - Super Mario Bros. 3;YES;NO;Nintendo;playch10;-;1988;
pc_suprc;-;PlayChoice-10 - Super C;YES;NO;Konami (Nintendo of America license);playch10;-;1990;
pc_tbowl;-;PlayChoice-10 - Tecmo Bowl;YES;NO;Tecmo (Nintendo of America license);playch10;-;1989;
pc_tenis;-;PlayChoice-10 - Tennis;YES;NO;Nintendo;playch10;-;1983;
pc_tkfld;-;PlayChoice-10 - Track and Field;YES;NO;Konami (Nintendo of America license);playch10;-;1987;
pc_tmnt;-;PlayChoice-10 - Teenage Mutant Ninja Turtles;YES;NO;Konami (Nintendo of America license);playch10;-;1989;
pc_tmnt2;-;PlayChoice-10 - Teenage Mutant Ninja Turtles II;YES;NO;Konami (Nintendo of America license);playch10;-;1990;
pc_trjan;-;PlayChoice-10 - Trojan;YES;NO;Capcom USA (Nintendo of America license);playch10;-;1986;
pc_vball;-;PlayChoice-10 - Volley Ball;YES;NO;Nintendo;playch10;-;1986;
pc_wcup;-;PlayChoice-10 - Nintendo World Cup;YES;NO;Technos (Nintendo license);playch10;-;1990;
pc_wgnmn;-;PlayChoice-10 - Wild Gunman;YES;NO;Nintendo;playch10;-;1984;
pc_ynoid;-;PlayChoice-10 - Yo! Noid;YES;NO;Capcom USA (Nintendo of America license);playch10;-;1990;
pclubj;-;Print Club (Japan Vol.1);YES;NO;Atlus;-;-;1995;
peggle;-;Peggle (Joystick, v1.0);YES;NO;Strata/Incredible Technologies;-;-;1991;
penky;-;Penky;YES;NO;Yun Sung;-;-;1995;
pepper2;-;Pepper II;YES;NO;Exidy;-;-;1982;
perestro;-;Perestroika Girls;YES;NO;Promat / Fuuki;-;-;1993;
peterpak;-;Peter Pack-Rat;YES;NO;Atari Games;-;-;1984;
phantom2;-;Phantom II;YES;NO;Midway;-;-;1979;
pignewt;-;Pig Newton (version C);YES;NO;Sega;-;-;1983;
pigout;-;Pigout;YES;NO;Leland Corp.;-;-;1990;
piratetr;-;Pirate Treasure;YES;NO;Tong Electronic;-;-;1982;
platoon;-;Vs. Platoon;YES;NO;Ocean Software Limited;-;-;1987;
playch10;-;PlayChoice-10;YES;NO;Nintendo of America;-;-;1986;
plygonet;-;Polygonet Commanders (ver UAA);YES;NO;Konami;-;-;1993;
polaris;-;Polaris (set 1);YES;NO;Taito;-;-;1980;
polepos;-;Pole Position;YES;NO;Namco;-;-;1982;
polepos2;-;Pole Position II;YES;NO;Namco;-;polepos;1983;
policetr;-;Police Trainer (Rev 1.3);YES;NO;PandP Marketing;-;-;1996;
polyplay;-;Poly-Play;YES;NO;VEB Polytechnik Karl-Marx-Stadt;-;-;1985;
ponchin;-;Mahjong Pon Chin Kan (Japan set 1);YES;NO;Visco;-;-;1991;
poolshrk;-;Poolshark;YES;NO;Atari;-;-;1977;
portrait;-;Portraits;YES;NO;Olympia;-;-;1983;
powrplay;-;Power Play;YES;NO;Cinematronics;-;-;1985;
prikura;-;Princess Clara Daisakusen;YES;NO;Atlus;stvbios;-;1996;
primglex;-;Prime Goal EX (PG1-VER.A);YES;NO;Namco;-;-;1996;
primrag2;-;Primal Rage 2;YES;NO;Atari;-;-;1996;
primrage;-;Primal Rage (version 2.3);YES;NO;Atari Games;-;-;1994;
prmrsocr;-;Premier Soccer (Europe ver. EAB);YES;NO;Konami;-;-;1993;
profpac;-;Professor PacMan;YES;NO;Bally Midway;-;-;1983;
propcycl;-;Prop Cycle (Rev PR2 Ver.A);YES;NO;Namco;-;-;1996;
prosoccr;-;Pro Soccer;YES;NO;Data East Corporation;-;-;1983;
prosport;-;Prosport;YES;NO;Data East Corporation;-;-;1983;
psailor1;-;Bishoujo Janshi Pretty Sailor 18-kin (Japan);YES;NO;SPHINX;-;-;1994;
psailor2;-;Bishoujo Janshi Pretty Sailor 2 (Japan);YES;NO;SPHINX;-;-;1994;
pstadium;-;Mahjong Panic Stadium (Japan);YES;NO;Nichibutsu;-;-;1990;
psyforce;-;Psychic Force (JAPAN);YES;NO;Taito;taitofx1;-;1995;
puckpkmn;-;Puckman Pockimon;YES;NO;Genie;-;-;2000;
pulsar;-;Pulsar;YES;NO;Sega;-;-;1981;
puyopuyo;-;Puyo Puyo (Japan);YES;NO;Sega / Compile;-;-;1992;
puyosun;-;Puyo Puyo Sun;YES;NO;Compile;stvbios;-;1996;
puzldama;-;Taisen Puzzle-dama (ver JAA);YES;NO;Konami;konamigx;-;1994;
qmhayaku;-;Quiz-Mahjong Hayaku Yatteyo! (Japan);YES;NO;Nichibutsu;-;-;1991;
qtono2;-;Quiz Tonosama no Yabou 2 Zenkoku-ban (Japan 950123);YES;NO;Capcom;-;-;1995;
quarterb;-;Quarterback;YES;NO;Leland Corp.;-;-;1987;
quiz365;-;Quiz 365 (Hong Kong and Taiwan);YES;NO;Nakanihon;-;-;1994;
quizchq;-;Quiz Channel Question (Ver 1.00) (Japan);YES;NO;Nakanihon;-;-;1993;
quizdna;-;Quiz DNA no Hanran (Japan);YES;NO;Face;-;-;1992;
quizpani;-;Quiz Panicuru Fantasy;YES;NO;NMK;-;-;1993;
quiztvqq;-;Quiz TV Gassyuukoku QandQ (Japan);YES;NO;Dynax;-;-;1992;
qwak;-;Qwak (prototype);YES;NO;Atari;-;-;1982;
r2dtank;-;R2D Tank;YES;NO;Sigma Enterprises Inc.;-;-;1980;
racedriv;-;Race Drivin' (cockpit, rev 5);YES;NO;Atari Games;-;-;1990;
racinfrc;-;Racin' Force (ver UAB);YES;NO;Konami;konamigx;-;1994;
racoon;-;Racoon World;YES;NO;Eolith;-;-;19??;
radarzon;-;Radar Zone;YES;NO;Century Electronics;cvs;-;1982;
rainbow;-;Rainbow Islands (new version);YES;NO;Taito Corporation;-;-;1987;
raveracw;-;Rave Racer (Rev. RV2, World);YES;NO;Namco;-;-;1995;
raystorm;-;Ray Storm (JAPAN);YES;NO;Taito;taitofx1;-;1996;
rbibb;-;Vs. Atari R.B.I. Baseball (set 1);YES;NO;Namco;-;-;1986;
realbrk;-;Billiard Academy Real Break (Japan);YES;NO;Nakanihon;-;-;1998;
redalert;-;Red Alert;YES;NO;Irem + GDI;-;-;1981;
redlin2p;-;Redline Racer (2 players);YES;NO;Cinematronics (Tradewest license);-;-;1987;
reikaids;-;Reikai Doushi (Japan);YES;NO;Home Data;-;-;1988;
renaiclb;-;Mahjong Ren-ai Club (Japan);YES;NO;FUJIC;-;-;1993;
rescraid;-;Rescue Raider;YES;NO;Bally/Midway;-;-;1987;
ridger2j;-;Ridge Racer 2 (Rev. RRS1, Japan);YES;NO;Namco;-;-;1994;
ridgeraj;-;Ridge Racer (Rev. RR1, Japan);YES;NO;Namco;-;-;1993;
rimrockn;-;Rim Rockin' Basketball (V2.2);YES;NO;Strata/Incredible Technologies;-;-;1991;
ripcord;-;Rip Cord;YES;NO;Exidy;-;-;1979;
ripoff;-;Rip Off;YES;NO;Cinematronics;-;-;1979;
rmhaihai;-;Real Mahjong Haihai (Japan);YES;NO;Alba;-;-;1985;
rmhaijin;-;Real Mahjong Haihai Jinji Idou Hen (Japan);YES;NO;Alba;-;-;1986;
rmhaisei;-;Real Mahjong Haihai Seichouhen (Japan);YES;NO;Visco;-;-;1986;
roadblst;-;Road Blasters (upright, rev 4);YES;NO;Atari Games;-;-;1987;
roadriot;-;Road Riot 4WD;YES;NO;Atari Games;-;-;1991;
roadrunn;-;Road Runner (rev 2);YES;NO;Atari Games;-;-;1985;
robby;-;Robby Roto;YES;NO;Bally Midway;-;-;1981;
robotbwl;-;Robot Bowl;YES;NO;Exidy;-;-;1977;
roldfrog;-;The Return of Lady Frog;YES;NO;Microhard;-;-;1993;
rollingc;-;Rolling Crash / Moon Base;YES;NO;Nichibutsu;-;invaders;1979;
rongrong;-;Rong Rong (Germany);YES;NO;Nakanihon;-;-;1994;
rotaryf;-;Rotary Fighter;YES;NO;<unknown>;-;invaders;19??;
rougien;-;Rougien;YES;NO;Sanritsu;-;-;1982;
royalmah;-;Royal Mahjong (Japan);YES;NO;Falcon;-;-;1982;
rranger;-;Rough Ranger (v2.0);YES;NO;SunA (Sharp Image license);-;-;1988;
rrreveng;-;Road Riot's Revenge (prototype);YES;NO;Atari Games;-;-;1994;
rsgun;-;Radiant Silvergun;YES;NO;Treasure;stvbios;-;1998;
runaway;-;Runaway (prototype);YES;NO;Atari;-;-;1982;
rungun;-;Run and Gun (World ver. EAA);YES;NO;Konami;-;-;1993;
rungun2;-;Run and Gun 2 (ver UAA);YES;NO;Konami;konamigx;-;1996;
rushhero;-;Rushing Heroes (ver UAB);YES;NO;Konami;konamigx;-;1996;
rvschool;-;Rival Schools (ASIA 971117);YES;NO;Capcom;cpzn1;-;1997;
safari;-;Safari;YES;NO;Gremlin;-;-;1977;
sailorws;-;Mahjong Sailor Wars (Japan);YES;NO;Nichibutsu;-;-;1993;
salmndr2;-;Salamander 2 (ver JAA);YES;NO;Konami;konamigx;-;1996;
sandor;-;Sando-R;YES;NO;Sega;stvbios;-;1995;
sassisu;-;Taisen Tanto-R Sashissu!!;YES;NO;Sega;stvbios;-;1996;
saturn;-;Saturn;YES;NO;[Zilec Electronics] Jaleco;-;-;1983;
sbomberb;-;Space Bomber (ver. B);YES;NO;Psikyo;-;-;1998;
sbowling;-;Strike Bowling;YES;NO;Taito Corporation;-;-;1982;
sbrkout;-;Super Breakout;YES;NO;Atari;-;-;1978;
sbugger;-;Space Bugger;YES;NO;Game-A-Tron;-;-;1981;
scandal;-;Scandal Mahjong (Japan 890213);YES;NO;Nichibutsu;-;-;1989;
schaser;-;Space Chaser;YES;NO;Taito;-;-;1979;
scorpnmc;-;Scorpion (Moon Cresta hardware);YES;NO;Dorneer;-;-;19??;
sdgndmrb;-;SD Gundam Sangokushi Rainbow Tairiku Senki;YES;NO;Banpresto;-;-;1993;
sdtennis;-;Super Doubles Tennis;YES;NO;Data East Corporation;-;-;1983;
seabass;-;Sea Bass Fishing;YES;NO;A Wave inc. (Able license);stvbios;-;1998;
seawolf;-;Sea Wolf;YES;NO;Midway;-;-;1976;
seawolf2;-;Sea Wolf II;YES;NO;Midway;-;seawolf;1978;
secolove;-;Second Love (Japan 861201);YES;NO;Nichibutsu;-;-;1986;
seiha;-;Seiha (Japan 870725);YES;NO;Nichibutsu;-;-;1987;
sengokmj;-;Sengoku Mahjong (Japan);YES;NO;Sigma;-;-;1991;
sentetst;-;Sente Diagnostic Cartridge;YES;NO;Bally/Sente;-;-;1984;
sexyparo;-;Sexy Parodius (ver JAA);YES;NO;Konami;konamigx;-;1996;
sf1;-;Street Fighter (World);YES;NO;Capcom;-;-;1987;
sfchamp;-;Super Football Champ (JAPAN);YES;NO;Taito;taitofx1;-;1995;
sfex;-;Street Fighter EX (ASIA 961219);YES;NO;Capcom/Arika;cpzn1;-;1996;
sfex2;-;Street Fighter EX 2 (JAPAN 980312);YES;NO;Capcom/Arika;cpzn2;-;1998;
sfexp;-;Street Fighter EX Plus (USA 970311);YES;NO;Capcom/Arika;cpzn1;-;1997;
sfish2;-;Sport Fishing 2;YES;NO;Sega;-;-;1995;
sflush;-;Straight Flush;YES;NO;Taito;-;-;1979;
sfootbal;-;Street Football;YES;NO;Bally/Sente;-;-;1986;
sfrush;-;San Francisco Rush;YES;NO;Atari Games;-;-;1996;
sg2j;-;Star Gladiator 2 (JAPAN 980316);YES;NO;Capcom;cpzn2;-;1998;
shangha2;-;Shanghai II (Japan);YES;NO;Sunsoft;-;-;1989;
shanghai;-;Shanghai (Japan);YES;NO;Sunsoft;-;-;1988;
shanhigw;-;Shanghai - The Great Wall - Shanghai Triple Threat;YES;NO;Sunsoft / Activision;stvbios;-;1995;
sheriff;-;Sheriff;YES;NO;Nintendo;-;-;1979;
shienryu;-;Shienryu;YES;NO;Warashi;stvbios;-;1997;
shootbul;-;Shoot the Bull;YES;NO;Bally Midway;-;-;1985;
shootgal;-;Shooting Gallery;YES;NO;Seatongrove Ltd (Zaccaria licence);-;-;1984;
shougi;-;Shougi;YES;NO;Alpha Denshi;-;-;198?;
shrike;-;Shrike Avenger (prototype);YES;NO;Bally/Sente;-;-;1986;
shtngmst;-;Shooting Master;YES;NO;Sega;-;-;1985;
shuffle;-;Shuffleboard;YES;NO;Midway;-;-;1978;
sia2650;-;Super Invader Attack;YES;NO;Zaccaria/Zelco;-;-;1978;
sidetrac;-;Side Track;YES;NO;Exidy;-;targ;1979;
sindbadm;-;Sindbad Mystery;YES;NO;Sega;-;-;1983;
skybump;-;Sky Bumper;YES;NO;Venture Line;-;-;1982;
skychut;-;Sky Chuter;YES;NO;Irem;-;-;1980;
skydiver;-;Sky Diver;YES;NO;Atari;-;-;1978;
skyraid;-;Sky Raider;YES;NO;Atari;-;-;1978;
sleague;-;Super Major League (US);YES;NO;Sega;stvbios;-;1995;
slikshot;-;Slick Shot (V2.2);YES;NO;Grand Products/Incredible Technologies;-;-;1990;
smgolf;-;Vs. Stroke and Match Golf (Men Version);YES;NO;Nintendo;-;-;1984;
snakepit;-;Snake Pit;YES;NO;Bally/Sente;-;-;1984;
snakjack;-;Snacks'n Jaxson;YES;NO;Bally/Sente;-;-;1984;
sncwgltd;-;Sonic Wings Limited (JAPAN);YES;NO;Video System;-;-;1996;
soccer;-;Atari Soccer;YES;NO;Atari;-;-;1980;
soccerss;-;Soccer Superstars (ver JAA);YES;NO;Konami;konamigx;-;1994;
sokyugrt;-;Soukyugurentai - Terra Diver;YES;NO;Raizing;stvbios;-;1996;
solarq;-;Solar Quest;YES;NO;Cinematronics;-;-;1981;
solvalou;-;Solvalou (Japan);YES;NO;Namco;-;-;1991;
soulclbr;-;Soul Calibur (SOC1-VER.A);YES;NO;Namco;-;-;1998;
souledge;-;Soul Edge Ver. II (SO4-VER.C);YES;NO;Namco;-;-;1996;
spacbeam;-;Space Beam;YES;NO;Irem;-;-;1979;
spacefev;-;Space Fever (New Ver);YES;NO;Nintendo;-;-;1979;
spacefrt;-;Space Fortress;YES;NO;Century Electronics;cvs;-;1981;
spaceint;-;Space Intruder;YES;NO;Shoei;-;invaders;1980;
spacelnc;-;Space Launcher;YES;NO;Nintendo;-;-;1979;
spaceod;-;Space Odyssey;YES;NO;Sega;-;-;1981;
spacetrk;-;Space Trek (upright);YES;NO;Sega;-;-;1980;
spacewar;-;Space Wars;YES;NO;Cinematronics;-;-;1978;
spacezap;-;Space Zap;YES;NO;Midway;-;-;1980;
spbactn;-;Super Pinball Action (US);YES;NO;Tecmo;-;-;1991;
spcenctr;-;Space Encounters;YES;NO;Midway;-;-;1980;
spcforce;-;Space Force;YES;NO;Venture Line;-;-;1980;
spcfrcii;-;Special Forces II;YES;NO;Senko Industries (Magic Eletronics Inc. licence);-;-;1985;
spcking2;-;Space King 2;YES;NO;Konami;-;invaders;1979;
spclaser;-;Space Laser;YES;NO;GamePlan (Taito);-;invaders;1980;
spclforc;-;Special Forces;YES;NO;Senko Industries (Magic Eletronics Inc. licence);-;-;1985;
spclords;-;Space Lords;YES;NO;Atari Games;-;-;1992;
spdbuggy;-;Speed Buggy;YES;NO;Tatsumi;-;-;1986;
spectar;-;Spectar (revision 3);YES;NO;Exidy;-;targ;1980;
speedatk;-;Speed Attack!;YES;NO;Seta Kikaku Corp.;-;-;1984;
speedfrk;-;Speed Freak;YES;NO;Vectorbeam;-;-;1979;
spiders;-;Spiders (set 1);YES;NO;Sigma Enterprises Inc.;-;-;1981;
spidey;-;Spider-Man: The Videogame (US);YES;NO;Sega;-;-;1991;
spiker;-;Spiker;YES;NO;Bally/Sente;-;-;1986;
splash;-;Splash! (Ver. 1.2 World);YES;NO;Gaelco;-;-;1992;
splndrbt;-;Splendor Blast;YES;NO;Alpha Denshi Co.;-;-;1985;
sprint1;-;Sprint 1;YES;NO;Atari;-;-;1978;
sprint4;-;Sprint 4 (set 1);YES;NO;Atari;-;-;1977;
sprint8;-;Sprint 8;YES;NO;Atari;-;-;1977;
srmp2;-;Super Real Mahjong Part 2 (Japan);YES;NO;Seta;-;-;1987;
srmp3;-;Super Real Mahjong Part 3 (Japan);YES;NO;Seta;-;-;1988;
sshooter;-;Sharpshooter (Rev 1.7);YES;NO;PandP Marketing;-;-;1998;
sslam;-;Super Slam (set 1);YES;NO;Playmark;-;-;1993;
sspacaho;-;Space Attack - Head On;YES;NO;Sega;-;-;1979;
sspaceat;-;Space Attack (upright);YES;NO;Sega;-;-;1979;
sspeedr;-;Super Speed Race;YES;NO;Midway;-;-;1979;
ssprint;-;Super Sprint (rev 4);YES;NO;Atari Games;-;-;1986;
sss;-;Steep Slope Sliders;YES;NO;Victor / Cave / Capcom;stvbios;-;1998;
sstrike;-;Super Strike Bowling;YES;NO;Strata/Incredible Technologies;-;-;1990;
sstrngr2;-;Space Stranger 2;YES;NO;Yachiyo Electronics, Ltd.;-;invaders;1979;
stactics;-;Space Tactics;YES;NO;Sega;-;-;1981;
starblad;-;Starblade;YES;NO;Namco;-;-;1991;
starcas;-;Star Castle (version 3);YES;NO;Cinematronics;-;-;1980;
starcrus;-;Star Cruiser;YES;NO;RamTek;-;-;1977;
starfir2;-;Star Fire 2;YES;NO;Exidy;-;-;1979;
starfire;-;Star Fire (set 1);YES;NO;Exidy;-;-;1979;
starglad;-;Star Gladiator (USA 960627);YES;NO;Capcom/;cpzn1;-;1996;
starhawk;-;Star Hawk;YES;NO;Cinematronics;-;-;1981;
starlstr;-;Vs. Star Luster;YES;NO;Namco;-;-;1985;
starshp1;-;Starship 1;YES;NO;Atari;-;-;1977;
starswep;-;Star Sweep (STP1-VER.A);YES;NO;Axela/Namco;-;-;1997;
statriv2;-;Triv Two;YES;NO;Status Games;-;-;1984;
steeltal;-;Steel Talons (rev 2);YES;NO;Atari Games;-;-;1991;
steelwkr;-;Steel Worker;YES;NO;Taito;-;invaders;1980;
stocker;-;Stocker;YES;NO;Bally/Sente;-;-;1984;
stoffy;-;Super Toffy;YES;NO;Midas (Unico license);-;-;1994;
stompin;-;Stompin';YES;NO;Bally/Sente;-;-;1986;
stratab;-;Strata Bowling (V3);YES;NO;Strata/Incredible Technologies;-;-;1990;
strider2;-;Strider 2 (USA 991213);YES;NO;Capcom;cpzn2;-;1999;
strkzone;-;Strike Zone Baseball;YES;NO;Leland Corp.;-;-;1988;
strtheat;-;Street Heat - Cardinal Amusements;YES;NO;Epos Corporation;-;dkongjr;1985;
stunrun;-;S.T.U.N. Runner (rev 6);YES;NO;Atari Games;-;-;1989;
stvbios;-;ST-V Bios;YES;NO;Sega;-;-;1996;
subs;-;Subs;YES;NO;Atari;-;-;1977;
suikoenb;-;Suikoenbu;YES;NO;Data East;stvbios;-;1995;
sundance;-;Sundance;YES;NO;Cinematronics;-;-;1979;
supdrapo;-;Super Draw Poker;YES;NO;Stern;-;-;1983;
superbik;-;Superbike;YES;NO;Century Electronics;cvs;-;1983;
superbug;-;Super Bug;YES;NO;Atari;-;-;1977;
superqix;-;Super Qix;YES;NO;Taito;-;-;1987;
supertnk;-;Super Tank;YES;NO;Video Games GmbH;-;-;1981;
supertr2;-;Super Triv II;YES;NO;Status Games;-;-;1986;
suprmrio;-;Vs. Super Mario Bros.;YES;NO;Nintendo;-;-;1986;
suprslam;-;Super Slams;YES;NO;Banpresto / Toei Animation;-;-;1995;
supxevs;-;Vs. Super Xevious;YES;NO;Namco;-;-;1986;
surpratk;-;Surprise Attack (Japan ver. M);YES;NO;Konami;-;-;1990;
survival;-;Survival;YES;NO;Rock-ola;-;-;1982;
suzume;-;Watashiha Suzumechan (Japan);YES;NO;Dyna Electronics;-;-;1986;
sws99;-;Super World Stadium '99 (SS91-VER.A);YES;NO;Namco;-;-;1999;
tailg;-;Tailgunner;YES;NO;Cinematronics;-;-;1979;
taitofx1;-;Taito FX1;YES;NO;Sony/Taito;-;-;1995;
tankbatt;-;Tank Battalion;YES;NO;Namco;-;-;1980;
targ;-;Targ;YES;NO;Exidy;-;-;1980;
taxidrvr;-;Taxi Driver;YES;NO;Graphic Techno;-;-;1984;
tbyahhoo;-;Twin Bee Yahhoo! (ver JAA);YES;NO;Konami;konamigx;-;1995;
teamqb;-;John Elway's Team Quarterback;YES;NO;Leland Corp.;-;-;1988;
techromn;-;Tech Romancer (USA 980914);YES;NO;Capcom;cpzn2;-;1998;
teedoff;-;Tee'd Off (Japan);YES;NO;Tecmo;-;-;1986;
teetert;-;Teeter Torture (prototype);YES;NO;Exidy;-;-;1982;
tehkanwc;-;Tehkan World Cup;YES;NO;Tehkan;-;-;1985;
tekken;-;Tekken (TE4-VER.C);YES;NO;Namco;-;-;1994;
tekken2;-;Tekken 2 Ver.B (TES3-VER.B);YES;NO;Namco;-;-;1995;
tekken3;-;Tekken 3 (TET1-VER.E);YES;NO;Namco;-;-;1996;
tekkentt;-;Tekken Tag Tournament (TEG3-VER.B);YES;NO;Namco;-;-;1999;
telmahjn;-;Telephone Mahjong (Japan 890111);YES;NO;Nichibutsu;-;-;1988;
tgmj;-;Tetris The Grand Master (JAPAN 980710);YES;NO;Capcom/Akira;cpzn1;-;1998;
tgtball;-;Target Ball (Nude);YES;NO;Yun Sung;-;-;1995;
themj;-;The Mah-jong (Japan);YES;NO;Visco;-;-;1987;
tickee;-;Tickee Tickats;YES;NO;Raster Elite;-;-;1994;
timecrsa;-;Time Crisis (Rev. TS2 Ver.A);YES;NO;Namco;-;-;1995;
timscanr;-;Time Scanner;YES;NO;Sega;-;-;1987;
tkmmpzdm;-;Tokimeki Memorial Taisen Puzzle-dama (ver JAB);YES;NO;Konami;konamigx;-;1995;
tkoboxng;-;Vs. TKO Boxing;YES;NO;Namco LTD.;-;-;1987;
tmek;-;T-MEK;YES;NO;Atari Games;-;-;1994;
tmmjprd;-;Tokimeki Mahjong Paradise - Dear My Love;YES;NO;Media / Sonnet;-;-;1997;
tnexspce;-;The Next Space;YES;NO;SNK;-;-;1989;
toffy;-;Toffy;YES;NO;Midas;-;-;1993;
toggle;-;Toggle (prototype);YES;NO;Bally/Sente;-;-;1985;
tokkae;-;Taisen Tokkae-dama (ver JAA);YES;NO;Konami;konamigx;-;1996;
tokyogal;-;Tokyo Gal Zukan (Japan);YES;NO;Nichibutsu;-;-;1989;
tomahawk;-;Tomahawk 777 (Revision 1);YES;NO;Data East;-;-;1980;
tondemo;-;Tondemo Crisis (JAPAN);YES;NO;Tecmo;tps;-;1999;
tontonb;-;Tonton [BET] (Japan);YES;NO;Dynax;-;-;1987;
topgun;-;Vs. Top Gun;YES;NO;Konami;-;-;1987;
topland;-;Top Landing (World);YES;NO;Taito Corporation Japan;-;-;1988;
toratora;-;Tora Tora;YES;NO;GamePlan;-;-;1980;
tornbase;-;Tornado Baseball;YES;NO;Midway;-;-;1976;
torus;-;Torus;YES;NO;Yun Sung;-;-;1996;
tourtabl;-;Tournament Table (set 1);YES;NO;Atari;-;-;1978;
tps;-;TPS;YES;NO;Sony/Tecmo;-;-;1997;
tranqgun;-;Tranquilizer Gun;YES;NO;Sega;-;-;1980;
triplew1;-;Mahjong Triple Wars (Japan);YES;NO;Nichibutsu;-;-;1989;
triplew2;-;Mahjong Triple Wars 2 (Japan);YES;NO;Nichibutsu;-;-;1990;
triplhnt;-;Triple Hunt;YES;NO;Atari;-;-;1977;
triviabb;-;Trivial Pursuit (Baby Boomer Edition);YES;NO;Bally/Sente;-;-;1984;
triviag1;-;Trivial Pursuit (Genus I);YES;NO;Bally/Sente;-;-;1984;
triviag2;-;Trivial Pursuit (Genus II);YES;NO;Bally/Sente;-;-;1984;
triviasp;-;Trivial Pursuit (All Star Sports Edition);YES;NO;Bally/Sente;-;-;1984;
triviayp;-;Trivial Pursuit (Young Players Edition);YES;NO;Bally/Sente;-;-;1984;
trivquiz;-;Triv Quiz;YES;NO;Status Games;-;-;1984;
truco;-;Truco-Tron;YES;NO;Playtronic SRL;-;-;198?;
tryout;-;Pro Baseball Skill Tryout (Japan);YES;NO;Data East Corporation;-;-;1985;
ts2;-;Battle Arena Toshinden 2 (USA 951124);YES;NO;Capcom/Takara;cpzn1;-;1995;
tshoot;-;Turkey Shoot;YES;NO;Williams;-;-;1984;
tstrike;-;Thunder Strike;YES;NO;East Coast Coin Company (Melbourne);-;-;1991;
tugboat;-;Tugboat;YES;NO;ETM;-;-;1982;
tunhunt;-;Tunnel Hunt;YES;NO;Atari;-;-;1979;
turbotag;-;Turbo Tag (prototype);YES;NO;Bally Midway;-;-;1985;
twcup98;-;Tecmo World Cup '98;YES;NO;Tecmo;stvbios;-;1998;
tws96;-;Tecmo World Soccer '96;YES;NO;Tecmo;neogeo;-;1996;
uchuuai;-;Mahjong Uchuu yori Ai wo komete (Japan);YES;NO;Nichibutsu;-;-;1989;
ultramhm;-;Ultra Maru-hi Mahjong (Japan);YES;NO;Apple;-;-;1993;
ultratnk;-;Ultra Tank;YES;NO;Atari;-;-;1978;
untoucha;-;Untouchable (Japan);YES;NO;Dynax;-;-;1987;
usg252;-;Games V25.4X;YES;NO;U.S. Games;-;-;1992;
usg83;-;Super Ten V8.3;YES;NO;U.S. Games;-;-;1988;
usvsthem;-;Us vs. Them;YES;NO;Mylstar;-;-;1984;
vanilla;-;Mahjong Vanilla Syndrome (Japan);YES;NO;Nichibutsu;-;-;1991;
vbowl;-;Virtua Bowling (World, V101XCM );YES;NO;Alta / IGS;-;-;1996;
vcircle;-;Vicious Circle (prototype);YES;NO;Atari Games;-;-;1996;
venture;-;Venture (version 5 set 1);YES;NO;Exidy;-;-;1981;
vf;-;Virtua Fighter;YES;NO;Sega;-;-;1993;
vfkids;-;Virtua Fighter Kids;YES;NO;Sega;stvbios;-;1996;
vfremix;-;Virtua Fighter Remix;YES;NO;Sega;stvbios;-;1995;
vgoalsoc;-;V Goal Soccer;YES;NO;Tecmo;-;-;199?;
victlapw;-;Ace Driver - Victory Lap (Rev. ADV2, World);YES;NO;Namco;-;-;1996;
victory;-;Victory;YES;NO;Exidy;-;-;1982;
videopin;-;Video Pinball;YES;NO;Atari;-;-;1979;
viper;-;Viper;YES;NO;Leland Corp.;-;-;1988;
vitaminc;-;Mahjong Vitamin C (Japan);YES;NO;Home Data;-;-;1989;
vmahjong;-;Virtual Mahjong;YES;NO;Micronet;stvbios;-;1997;
vsbball;-;Vs. BaseBall;YES;NO;Nintendo of America;-;-;1984;
vsfdf;-;Vs. Freedom Force;YES;NO;Konami;-;-;1988;
vsgradus;-;Vs. Gradius;YES;NO;Konami;-;-;1986;
vsgshoe;-;Vs. Gumshoe;YES;NO;Nintendo;-;-;1986;
vsmahjng;-;Vs. Mahjang (Japan);YES;NO;Nintendo;-;-;1984;
vsnetscr;-;Versus Net Soccer (ver UAB);YES;NO;Konami;konamigx;-;1996;
vspinbal;-;Vs. Pinball;YES;NO;Nintendo;-;-;1984;
vsskykid;-;Vs. Super SkyKid;YES;NO;Namco;-;-;1985;
vstennis;-;Vs. Tennis;YES;NO;Nintendo;-;-;1984;
wallst;-;Wall Street;YES;NO;Century Electronics;cvs;-;1982;
wargods;-;War Gods;YES;NO;Midway;-;-;1995;
warlords;-;Warlords;YES;NO;Atari;-;-;1980;
warrior;-;Warrior;YES;NO;Vectorbeam;-;-;1978;
wc90;-;Tecmo World Cup '90 (set 1);YES;NO;Tecmo;-;-;1989;
wfortune;-;Wheel Of Fortune;YES;NO;GameTek;-;-;1989;
wg3dh;-;Wayne Gretzky's 3D Hockey;YES;NO;Atari Games;-;-;1996;
wgp;-;World Grand Prix (US);YES;NO;Taito America Corporation;-;-;1989;
whizquiz;-;Whiz Quiz;YES;NO;Zilec-Zenitone;-;-;1985;
winrun91;-;Winning Run 91;YES;NO;Namco;-;-;1991;
winspike;-;Winning Spike (ver JAA);YES;NO;Konami;konamigx;-;1997;
winterht;-;Winter Heat;YES;NO;Sega;stvbios;-;1997;
wolfpack;-;Wolf Pack (prototype);YES;NO;Atari;-;-;1978;
worldc94;-;World Cup '94;YES;NO;Tecmo;-;-;199?;
wotw;-;War of the Worlds;YES;NO;Cinematronics;-;-;1981;
wow;-;Wizard of Wor;YES;NO;Midway;-;-;1980;
wpksoc;-;World PK Soccer;YES;NO;Jaleco;-;-;1995;
wrecking;-;Vs. Wrecking Crew;YES;NO;Nintendo;-;-;1984;
wseries;-;World Series - The Season;YES;NO;Cinematronics;-;-;1985;
wsf;-;World Soccer Finals;YES;NO;Leland Corp.;-;-;1990;
wtennis;-;World Tennis;YES;NO;bootleg;-;-;1982;
xeno;-;Xeno Crisis (Neo Geo MVS);YES;NO;Bitmap Bureau;neogeo;-;2019;
xevi3dg;-;Xevious 3D-G (XV31-VER.A);YES;NO;Namco;-;-;1995;
xfiles;-;X-Files;YES;NO;dfPIX Entertainment Inc.;-;-;19??;
yamyam;-;Yam! Yam![Q];YES;NO;Dooyong;-;-;1990;
yard;-;10 Yard Fight (Japan);YES;NO;Irem;-;-;1983;
yarunara;-;Mahjong Yarunara (Japan);YES;NO;Dynax;-;-;1991;
yosakdon;-;Yosaku To Donbei (set 1);YES;NO;Worldwing;-;invaders;1979;
yumefuda;-;Yumefuda [BET];YES;NO;Alba;-;-;199?;
zaryavos;-;Zarya Vostoka;YES;NO;Nova Games of Canada;-;-;1984;
zigzag;-;Zig Zag (Galaxian hardware, set 1);YES;NO;LAX;-;-;1982;
znpwfv;-;Zen Nippon Pro-Wrestling Featuring Virtua;YES;NO;Sega;stvbios;-;1997;
