name;bestcore;mameversion
"005";lr-mame;
"1941";lr-fbalpha;
"1942";lr-fbalpha;
"1943";lr-fbalpha;
"1943mii";lr-fbalpha;
"1944";lr-fbalpha;
"1945kiii";lr-fbalpha;
"19xx";lr-fbalpha;
"280zzzap";lr-mame;
"3in1semi";lr-fbalpha;
"3kokushi";lr-fbalpha;
"3stooges";lr-mame;
"3wondersu";lr-fbalpha;
"40love";lr-mame;
"4dwarrio";lr-fbalpha;
"4enraya";lr-fbalpha;
"4in1";lr-fbalpha;
"4in1boot";lr-fbalpha;
"64street";lr-fbalpha;
"7ordi";lr-fbalpha;
"88games";lr-fbalpha;
"8ball";lr-mame;
"8ballact";lr-fbalpha;
"aafb";lr-mame;
"abcop";lr-fbalpha;
"aburner";lr-mame;
"aburner2";lr-fbalpha;
"ace";lr-mame;
"aceattac";lr-fbalpha;
"acrobatm";lr-mame;
"actfancr";lr-fbalpha;
"ad2083";lr-fbalpha;
"aerofgt";lr-fbalpha;
"afighter";lr-fbalpha;
"agalletu";lr-fbalpha;
"agressb";lr-fbalpha;
"airass";lr-fbalpha;
"airattck";lr-fbalpha;
"airbustr";lr-fbalpha;
"airduel";lr-fbalpha;
"airwolfa";lr-fbalpha;
"ajax";lr-fbalpha;
"alcon";lr-fbalpha;
"alexkidd";lr-fbalpha;
"alibaba";lr-fbalpha;
"aliencha";lr-fbalpha;
"aliensec";lr-fbalpha;
"aliensu";lr-fbalpha;
"aliensyn";lr-fbalpha;
"aligatorun";lr-fbalpha;
"alinvade";lr-fbalpha;
"alleymas";lr-mame;
"alpine";lr-mame;
"altbeast";lr-fbalpha;
"amazon";lr-fbalpha;
"ambush";lr-fbalpha;
"amidar";lr-fbalpha;
"androidp";lr-fbalpha;
"angelkds";lr-fbalpha;
"anteater";lr-fbalpha;
"appoooh";lr-fbalpha;
"aquajacku";lr-fbalpha;
"aquarium";lr-fbalpha;
"aquarush";lr-mame;
"arabfgt";lr-mame;
"arabian";lr-fbalpha;
"arabianm";lr-fbalpha;
"arbalest";lr-fbalpha;
"arcadian";lr-fbalpha;
"archrivl";lr-mame;
"argus";lr-mame;
"arkanoid";lr-mame;
"arkarea";lr-fbalpha;
"arkatour";lr-mame;
"arknid2u";lr-mame;
"arkretrn";lr-mame;
"arlingtn";lr-mame;
"armedf";lr-fbalpha;
"armora";adv-mame;
"armorcar";lr-fbalpha;
"armwaru";lr-fbalpha;
"armwrest";lr-fbalpha;
"ashurau";lr-fbalpha;
"aso";lr-mame;
"assault";lr-fbalpha;
"astdelux";adv-mame;
"asterix";lr-fbalpha;
"asteroid";adv-mame;
"astormud";lr-fbalpha;
"astyanax";lr-fbalpha;
"asuka";lr-fbalpha;
"asurabld";lr-fbalpha;
"asurabus";lr-fbalpha;
"asylum";lr-mame;
"atehate";lr-fbalpha;
"atetris";lr-fbalpha;
"athena";lr-fbalpha;
"atlantis";lr-fbalpha;
"atomicp";lr-fbalpha;
"aurail";lr-fbalpha;
"avalnche";lr-mame;
"avengers";lr-fbalpha;
"avspirit";lr-fbalpha;
"avspu";lr-fbalpha;
"aztarac";adv-mame;
"azurian";lr-fbalpha;
"backfire";lr-fbalpha;
"backfirt";lr-fbalpha;
"baddudes";lr-mame;2003
"bagman";lr-fbalpha;
"bakubaku";lr-mame;
"bakutotu";lr-fbalpha;
"balcube";lr-fbalpha;
"ballbomb";lr-mame;
"ballbros";lr-fbalpha;
"balonfgt";lr-mame;
"baluba";lr-mame;
"bang";lr-fbalpha;
"bangball";lr-fbalpha;
"bankp";lr-fbalpha;
"barricad";lr-mame;
"barrier";adv-mame;
"baryon";lr-fbalpha;
"basebal2";lr-mame;
"batcir";lr-fbalpha;
"batman";lr-mame;
"batrideru";lr-fbalpha;
"batsugun";lr-fbalpha;
"battlane";lr-fbalpha;
"battlcry";lr-mame;
"battleg";lr-mame;
"battlera";lr-mame;
"battlex";lr-fbalpha;
"battlnts";lr-fbalpha;
"battroad";lr-fbalpha;
"bayroute";lr-fbalpha;
"bbakraid";lr-fbalpha;
"bballsa";lr-fbalpha;
"bbbxing";lr-mame;
"bbmanw";lr-fbalpha;
"bbonk";lr-mame;
"bbprot";lr-mame;
"bbustersu";lr-fbalpha;
"bchopper";lr-fbalpha;
"bcruzm12";lr-fbalpha;
"bcstry";lr-fbalpha;
"beaminv";lr-mame;
"beathead";lr-mame;
"benberob";lr-mame;
"berabohm";lr-fbalpha;
"berlwall";lr-fbalpha;
"bermudat";lr-fbalpha;
"berzerk";lr-mame;
"bestbest";lr-fbalpha;
"bestri";lr-fbalpha;
"bgaregga";lr-fbalpha;
"bigbucks";lr-fbalpha;
"bigkarnk";lr-fbalpha;
"bigprowr";lr-mame;
"bigrun";lr-mame;
"bigstrik";lr-fbalpha;
"bigtwin";lr-fbalpha;
"bikkuric";lr-fbalpha;
"bioatack";lr-mame;
"biomtoy";lr-fbalpha;
"bionicc1";lr-fbalpha;
"bioship";lr-fbalpha;
"birdiy";lr-fbalpha;
"birdtry";lr-fbalpha;
"bishi";lr-fbalpha;
"bjtwin";lr-fbalpha;
"bladestl";lr-fbalpha;
"blandia";lr-fbalpha;
"blasted";lr-mame;
"blaster";lr-mame;
"blastoff";lr-fbalpha;
"blazeon";lr-fbalpha;
"blazer";lr-fbalpha;
"blkheart";lr-fbalpha;
"blkhole";lr-fbalpha;
"blkpnthr";lr-fbalpha;
"blktiger";lr-fbalpha;
"blmbycaru";lr-fbalpha;
"block";lr-fbalpha;
"blockcar";lr-fbalpha;
"blocken";lr-mame;
"blockgal";lr-fbalpha;
"blockhl";lr-fbalpha;
"blockout";lr-fbalpha;
"bloodbro";lr-fbalpha;
"bloodstm";lr-mame;
"bloodwar";lr-fbalpha;
"bloxeed";lr-fbalpha;
"blswhstl";lr-fbalpha;
"bluehawk";lr-fbalpha;
"blueprnt";lr-fbalpha;
"blueshrk";lr-mame;
"blzntrnd";lr-fbalpha;
"bmaster";lr-fbalpha;
"bnglngby";lr-mame;
"bnzabros";adv-mame;
"bodyslam";lr-fbalpha;
"bogeyman";lr-fbalpha;
"boggy84";lr-fbalpha;
"bombbee";lr-fbalpha;
"bombjack";lr-fbalpha;
"bombkick";lr-fbalpha;
"bongo";lr-fbalpha;
"bonkadv";lr-fbalpha;
"bonzeadv";lr-fbalpha;
"boogwingu";lr-mame;2003
"boogwing";lr-mame;2003
"boomrang";lr-mame;
"borench";lr-mame;
"bottom9";lr-fbalpha;
"bouldash";lr-fbalpha;
"bounty";lr-fbalpha;
"bowlrama";lr-fbalpha;
"boxer";lr-mame;
"boxyboy";lr-fbalpha;
"bradley";lr-mame;
"brain";lr-fbalpha;
"brapboysu";lr-fbalpha;
"brdrlinb";lr-mame;
"brival";lr-mame;
"brkthru";lr-fbalpha;
"brubber";lr-fbalpha;
"brutforc";lr-mame;
"bsharku";lr-fbalpha;
"bssoccer";lr-fbalpha;
"btime";lr-mame;
"btlecity";lr-mame;
"btlkroad";lr-fbalpha;
"btoads";lr-mame;
"bubblem";lr-fbalpha;
"bubbles";lr-mame;
"bubbletr";lr-fbalpha;
"bubl2000";lr-fbalpha;
"bublbob2";lr-fbalpha;
"bublboblr";lr-fbalpha;
"buccanrs";lr-fbalpha;
"bucky";lr-fbalpha;
"bullet";lr-fbalpha;
"bullfgt";lr-fbalpha;
"bullfgtr";lr-mame;
"burglarx";lr-fbalpha;
"burnforc";lr-fbalpha;
"butasan";lr-mame;
"bwcasino";lr-fbalpha;
"bwidow";adv-mame;
"bwing";lr-mame;
"bwings";lr-fbalpha;
"bygone";lr-fbalpha;
"bzone";adv-mame;
"cabal";lr-fbalpha;
"cachat";lr-fbalpha;
"cadashu";lr-mame;2003
"cadash";lr-mame;2003
"cairblad";lr-fbalpha;
"calibr50";lr-fbalpha;
"calipso";lr-fbalpha;
"calorie";lr-fbalpha;
"cameltry";lr-fbalpha;
"cannball";lr-fbalpha;
"cannonb";lr-mame;
"cannonbp";lr-fbalpha;
"canvas";lr-fbalpha;
"canyon";lr-fbalpha;
"capbowl";lr-fbalpha;
"captaven";lr-mame;
"captcommu";lr-fbalpha;
"carjmbre";lr-mame;
"carpolo";lr-mame;
"cashquiz";lr-fbalpha;
"castfant";lr-mame;
"catacomb";lr-fbalpha;
"cavelon";lr-fbalpha;
"cavenger";lr-fbalpha;
"cawingu";lr-fbalpha;
"cbasebal";lr-mame;
"cbdash";lr-mame;
"cbtime";lr-mame;
"cburnrub";lr-mame;
"cbuster";lr-mame;2003
"cchasm";adv-mame;
"cclimber";lr-fbalpha;
"cclimbr2";lr-fbalpha;
"cdiscon1";lr-mame;
"centiped";lr-fbalpha;
"cerberus";lr-mame;
"cfghtice";lr-mame;
"cgangpzl";lr-mame;
"cgraplop";lr-mame;
"chainrec";lr-fbalpha;
"chaknpop";lr-fbalpha;
"challeng";lr-mame;
"chameleo";lr-fbalpha;
"champbas";lr-mame;
"champwru";lr-fbalpha;
"chanbara";lr-fbalpha;
"changes";lr-fbalpha;
"charlien";lr-fbalpha;
"chasehqu";lr-fbalpha;
"chboxing";lr-mame;
"checkman";lr-fbalpha;
"checkmat";lr-mame;
"cheekyms";lr-fbalpha;
"cheesech";lr-mame;
"chelnovu";lr-fbalpha;
"chimerab";lr-fbalpha;
"chinagat";lr-fbalpha;
"chinatwn";lr-fbalpha;
"chinhero";lr-mame;
"chkun";lr-fbalpha;
"chokchok";lr-fbalpha;
"choko";lr-fbalpha;
"chopliftu";lr-fbalpha;
"chopper";lr-fbalpha;
"chplftbl";lr-mame;
"chqflag";lr-fbalpha;
"chukataiu";lr-fbalpha;
"chwrestl";lr-mame;
"circusc";lr-fbalpha;
"cischeat";lr-mame;
"citybomb";lr-fbalpha;
"citycon";lr-fbalpha;
"clapapa";lr-mame;
"claypign";lr-mame;
"clayshoo";lr-mame;
"cleopatr";lr-fbalpha;
"cloak";lr-fbalpha;
"clocknch";lr-mame;
"cloud9";lr-mame;
"clshroad";lr-mame;
"cltchitr";lr-fbalpha;
"cluclu";lr-mame;
"cmissnx";lr-mame;
"cnightst";lr-mame;
"cninjau";lr-mame;2003
"cninja";lr-mame;2003
"cobracom";lr-fbalpha;
"colmns97";lr-mame;
"colony7";lr-mame;
"columns";lr-mame;
"columns2";lr-mame;
"combasc";lr-mame;
"combh";lr-fbalpha;
"commandou";lr-fbalpha;
"commandw";lr-fbalpha;
"commsega";lr-fbalpha;
"complexx";lr-mame;
"congo";lr-fbalpha;
"contcircu";lr-fbalpha;
"contra";lr-fbalpha;
"cookbib";lr-fbalpha;
"cookbib2";lr-fbalpha;
"cookbib3";lr-fbalpha;
"cop01";lr-mame;
"copsnrob";lr-mame;
"cosmccop";lr-fbalpha;
"cosmica";lr-mame;
"cosmogng";lr-fbalpha;
"cosmos";lr-mame;
"cotton2";lr-mame;
"cottonbm";lr-mame;
"cottonu";lr-fbalpha;
"countrunb";lr-fbalpha;
"cppicf";lr-mame;
"cprobowl";lr-mame;
"cprogolf";lr-mame;
"cprosocc";lr-mame;
"cps1demo";lr-fbalpha;
"cps1frog";lr-fbalpha;
"cptennis";lr-mame;
"crash";lr-mame;
"crazyfgt";lr-fbalpha;
"crbaloon";lr-mame;
"crgolf";lr-mame;
"crimecu";lr-fbalpha;
"crimfghtu";lr-fbalpha;
"crkdown";adv-mame;
"crospang";lr-fbalpha;
"crshrace";lr-fbalpha;
"crush";lr-fbalpha;
"crusherm";lr-fbalpha;
"crusnusa";lr-mame;
"crusnwld";lr-mame;
"crzrally";lr-mame;
"csclub";lr-fbalpha;
"cscrtry";lr-mame;
"cshift";lr-mame;
"csilver";lr-fbalpha;
"cstlevna";lr-mame;
"csuperas";lr-mame;
"cterrani";lr-mame;
"ctisland";lr-mame;
"ctornado";lr-mame;
"ctribe";lr-fbalpha;
"ctsttape";lr-mame;
"cubybop";lr-fbalpha;
"cuebrick";lr-fbalpha;
"cupfinal";lr-mame;
"curvebal";lr-mame;
"cutefght";lr-fbalpha;
"cutieq";lr-fbalpha;
"cworld";lr-fbalpha;
"cworld2j";lr-fbalpha;
"cybattlr";lr-fbalpha;
"cyberbal";adv-mame;
"cybertnk";lr-fbalpha;
"cybotsu";lr-fbalpha;
"cyvern";lr-fbalpha;
"dacholer";lr-fbalpha;
"daioh";lr-fbalpha;
"daiskiss";lr-mame;
"daitorid";lr-fbalpha;
"dambustr";lr-fbalpha;
"dangar";lr-fbalpha;
"dangseed";lr-fbalpha;
"dankuga";lr-fbalpha;
"daraku";lr-fbalpha;
"darius2";lr-mame;2003
"dariusg";lr-fbalpha;
"dariusgx";lr-fbalpha;
"dariusu";lr-fbalpha;
"darkmist";lr-fbalpha;
"darkplnt";lr-fbalpha;
"darkseal";lr-fbalpha;
"darktowr";lr-fbalpha;
"darkwar";lr-mame;
"darwin";lr-fbalpha;
"dassault4";lr-fbalpha;
"dazzler";lr-mame;
"dblaxle";lr-fbalpha;
"dbldynj";lr-fbalpha;
"dblewing";lr-fbalpha;
"dblplay";lr-mame;
"dblpoint";lr-fbalpha;
"dbreed";lr-fbalpha;
"dbz";lr-fbalpha;
"dbz2";lr-fbalpha;
"dcclub";adv-mame;
"dcon";lr-fbalpha;
"dday";lr-mame;
"ddcrewu";lr-fbalpha;
"ddonpach";lr-fbalpha;
"ddp2";lr-fbalpha;
"ddpdoj";lr-fbalpha;
"ddragon2u";lr-fbalpha;
"ddragon3";lr-fbalpha;
"ddragonu";lr-fbalpha;
"ddribble";lr-mame;
"ddsomu";lr-fbalpha;
"ddtodu";lr-fbalpha;
"ddungeon";lr-mame;
"ddux";lr-fbalpha;
"deadang";lr-mame;
"deadconx";lr-mame;2003
"deadeye";lr-mame;
"dealer";lr-fbalpha;
"deerhunt";lr-fbalpha;
"defender";lr-mame;
"deluxe5";lr-fbalpha;
"demon";adv-mame;
"demoneye";lr-mame;
"demonwld";lr-fbalpha;
"deroon";lr-fbalpha;
"desertbr";lr-fbalpha;
"desertwr";lr-mame;
"destroyr";adv-mame;
"devilfsh";lr-fbalpha;
"devilw";lr-fbalpha;
"devstors";lr-fbalpha;
"devzone";lr-mame;
"dharma";lr-fbalpha;
"diamond";lr-fbalpha;
"dietgou";lr-fbalpha;
"digdug";lr-fbalpha;
"digdug2";lr-fbalpha;
"digger";lr-mame;
"dimahoou";lr-fbalpha;
"dingo";lr-fbalpha;
"dinorexu";lr-fbalpha;
"dinou";lr-fbalpha;
"dirtfoxj";lr-fbalpha;
"disco";lr-fbalpha;
"diverboy";lr-fbalpha;
"djboy";lr-fbalpha;
"dkong";lr-mame;
"dkong3";lr-fbalpha;
"dkongjr";lr-mame;
"dleague";lr-fbalpha;
"dmnfrnt";lr-fbalpha;
"docastle";lr-fbalpha;
"dockman";lr-fbalpha;
"dodgem";lr-mame;
"dodgeman";lr-fbalpha;
"dogfgt";lr-fbalpha;
"dogfight";lr-fbalpha;
"dogyuun";lr-fbalpha;
"dokaben";lr-fbalpha;
"dolmen";lr-fbalpha;
"domino";lr-mame;
"dominos";lr-mame;
"dommy";lr-fbalpha;
"dondokodu";lr-fbalpha;
"donight";lr-fbalpha;
"donpachi";lr-fbalpha;
"dorachan";lr-mame;
"dorodon";lr-fbalpha;
"dorunrun";lr-fbalpha;
"dotrikun";lr-fbalpha;
"dowild";lr-fbalpha;
"downtown";lr-fbalpha;
"dquizgo";lr-fbalpha;
"dragnblz";lr-fbalpha;
"dragoonj";lr-mame;
"dragwld2";lr-mame;
"drakton";lr-fbalpha;
"dreamwld";lr-fbalpha;
"dremshpr";lr-fbalpha;
"drgnbowl";lr-fbalpha;
"drgnbstr";lr-fbalpha;
"drgnmst";lr-fbalpha;
"drgnunit";lr-fbalpha;
"drgw2";lr-fbalpha;
"dribling";lr-mame;
"drifto94";lr-fbalpha;
"driftout";lr-fbalpha;
"drivfrcp";lr-fbalpha;
"drmario";lr-mame;
"drmicro";lr-fbalpha;
"drtomy";lr-fbalpha;
"drtoppelu";lr-fbalpha;
"dsaber";lr-fbalpha;
"dsoccr94";lr-fbalpha;
"dspirit";lr-fbalpha;
"dstlku";lr-fbalpha;
"duckhunt";lr-mame;
"dungeonm";lr-mame;2003
"dunkshot";lr-fbalpha;
"dw";lr-mame;
"dw2001";lr-fbalpha;
"dwpc";lr-fbalpha;
"dyger";lr-fbalpha;
"dynablst";lr-fbalpha;
"dynagear";lr-fbalpha;
"dynamski";lr-mame;
"dyndukeu";lr-fbalpha;
"dynwar";lr-fbalpha;
"eaglshot";lr-fbalpha;
"earthjkr";lr-fbalpha;
"ebases";lr-mame;
"ecofghtru";lr-fbalpha;
"edfu";lr-fbalpha;
"edrandy";lr-mame;2003
"eeekk";lr-fbalpha;
"egghunt";lr-fbalpha;
"eggor";lr-fbalpha;
"ehrgeiz";lr-mame;
"eightfrc";lr-fbalpha;
"einnings";lr-mame;
"ejihon";lr-mame;
"elecyoyo";lr-mame;
"elevator";lr-mame;
"elim2";adv-mame;
"elvactr";lr-fbalpha;
"embargo";lr-mame;
"emeralda";lr-mame;
"empcity";lr-mame;
"enduror";lr-fbalpha;
"enforce";lr-fbalpha;
"enigma2";lr-mame;
"eprom";lr-mame;
"equites";lr-mame;
"esb";adv-mame;
"esckids";lr-fbalpha;
"espgal";lr-fbalpha;
"espial";lr-mame;
"esprade";lr-fbalpha;
"eswatu";lr-fbalpha;
"eto";lr-fbalpha;
"euroch92";lr-fbalpha;
"evilston";lr-fbalpha;
"excelsr";lr-fbalpha;
"excitebk";lr-mame;
"exctleag";lr-fbalpha;
"exctsccr";lr-mame;
"exedexes";lr-fbalpha;
"exerion";lr-mame;
"explbrkr";lr-fbalpha;
"exprraid";lr-mame;
"extdwnhl";lr-fbalpha;
"extrmatnu";lr-fbalpha;
"exvania";lr-mame;
"exzisus";lr-fbalpha;
"eyes";lr-fbalpha;
"f1dreamba";lr-fbalpha;
"f1en";lr-mame;
"f1gp";lr-fbalpha;
"f1gp2";lr-fbalpha;
"f1gpstar";lr-mame;
"faceoff";lr-fbalpha;
"fantasia";lr-fbalpha;
"fantastc";lr-fbalpha;
"fantland";lr-fbalpha;
"fantsia2";lr-fbalpha;
"fantzn2x";lr-fbalpha;
"fantzone";lr-fbalpha;
"fastlane";lr-mame;
"fball";lr-fbalpha;
"feversos";lr-fbalpha;
"ffightu";lr-fbalpha;
"fghtatck";lr-mame;
"fghtbskt";lr-fbalpha;
"fgtlayer";lr-mame;
"fhawk";lr-fbalpha;
"fieldday";lr-mame;
"fightrol";lr-fbalpha;
"finalbu";lr-fbalpha;
"finalizr";lr-fbalpha;
"finallap";lr-mame;
"finalttr";lr-fbalpha;
"finehour";lr-fbalpha;
"firebatl";lr-mame;
"fireone";lr-mame;
"fireshrk";lr-fbalpha;
"firetrap";lr-fbalpha;
"fitegolfu";lr-fbalpha;
"fitfight";lr-mame;
"fixeightu";lr-fbalpha;
"flagrall";lr-fbalpha;
"flashgal";lr-fbalpha;
"flicky";lr-fbalpha;
"flower";lr-mame;
"flstory";lr-fbalpha;
"flyball";lr-mame;
"flyboy";lr-fbalpha;
"flytiger";lr-fbalpha;
"fncywld";lr-fbalpha;
"fnkyfish";lr-fbalpha;
"foodf";lr-mame;
"footchmp";lr-fbalpha;
"forgottnu";lr-fbalpha;
"formatz";lr-fbalpha;
"fourtrax";lr-mame;
"fpoint";lr-fbalpha;
"freekick";lr-fbalpha;
"freeze";lr-fbalpha;
"friskyt";lr-fbalpha;
"frogger";lr-fbalpha;
"frogs";lr-mame;
"frontlin";lr-mame;
"fround";lr-fbalpha;
"fshark";lr-fbalpha;
"fsoccer";lr-fbalpha;
"fstarfrc";lr-fbalpha;
"ftsoccer";lr-mame;
"funkybee";lr-fbalpha;
"funkyjet";lr-fbalpha;
"funnymou";lr-mame;
"funybubl";lr-fbalpha;
"futspy";lr-fbalpha;
"ga2";lr-mame;
"gaia";lr-fbalpha;
"gaialast";lr-fbalpha;
"gaiapolsu";lr-fbalpha;
"galaga";lr-mame;
"galaga88";lr-mame;
"galaxian";lr-mame;
"galaxygn";lr-fbalpha;
"galivan";lr-fbalpha;
"galmedes";lr-fbalpha;
"galpani2";lr-mame;
"galpani4";lr-fbalpha;
"galpanic";lr-fbalpha;
"galpanis";lr-fbalpha;
"galpans2";lr-fbalpha;
"galpans3";lr-fbalpha;
"galspnbl";lr-fbalpha;
"gametngk";lr-mame;
"ganbare";lr-fbalpha;
"gangwars";lr-fbalpha;
"gaplus";lr-fbalpha;
"gardia";lr-fbalpha;
"garogun";lr-fbalpha;
"garyoret";lr-fbalpha;
"gaunt2";lr-mame;
"gauntlet";lr-mame;
"gberet";lr-fbalpha;
"gbusters";lr-fbalpha;
"gcpinbal";lr-mame;
"gdfs";lr-fbalpha;
"geebee";lr-fbalpha;
"gekiridn";lr-fbalpha;
"gekirido";lr-mame;
"gemini";lr-fbalpha;
"genix";lr-fbalpha;
"genpeitd";lr-fbalpha;
"gforce2";lr-fbalpha;
"gghost";lr-mame;
"gground";adv-mame;
"ghostb";lr-fbalpha;
"ghoulsu";lr-fbalpha;
"ghoxj";lr-fbalpha;
"gigandes";lr-fbalpha;
"gigas";lr-fbalpha;
"gigasm2b";lr-fbalpha;
"gigawing";lr-fbalpha;
"gijoeu";lr-fbalpha;
"gimeabrk";lr-mame;
"ginganin";lr-fbalpha;
"ginkun";lr-fbalpha;
"gladiatr";lr-mame;
"glfgreat";lr-mame;
"glocu";lr-fbalpha;
"gmgalax";lr-fbalpha;
"gmissile";lr-mame;
"gnbarich";lr-fbalpha;
"gngt";lr-fbalpha;
"gogomile";lr-fbalpha;
"goindol";lr-mame;
"gokuparo";lr-mame;
"goldbug";lr-mame;
"goldmedl";lr-fbalpha;
"goldnaxe";lr-fbalpha;
"gollygho";lr-fbalpha;
"goonies";lr-mame;
"gorf";lr-mame;
"gotcha";lr-fbalpha;
"gprideru";lr-fbalpha;
"gradius3";lr-fbalpha;
"grasspin";lr-fbalpha;
"gratia";lr-mame;
"gravitar";adv-mame;
"grdian";lr-fbalpha;
"grdians";lr-fbalpha;
"grdnstrm";lr-fbalpha;
"grindstm";lr-fbalpha;
"grobda";lr-fbalpha;
"groundfx";lr-mame;
"growlu";lr-fbalpha;
"grudge";lr-mame;
"gseeker";lr-fbalpha;
"gslgr94u";lr-mame;
"gstrik2";lr-mame;
"gstriker";lr-mame;
"gsword";lr-mame;
"gtg";lr-mame;
"gtmr";lr-fbalpha;
"gtmr2";lr-fbalpha;
"guardian";lr-mame;
"gulfstrm";lr-fbalpha;
"gulfwar2";lr-fbalpha;
"gumbo";lr-fbalpha;
"gunbird";lr-fbalpha;
"gunbird2";lr-fbalpha;
"gundamex";lr-fbalpha;
"gundhara";lr-fbalpha;
"gundl94";lr-fbalpha;
"gunfight";lr-mame;
"gunforc2";lr-mame;2003
"gunforceu";lr-mame;2003
"gunfront";lr-fbalpha;
"gunlock";lr-fbalpha;
"gunmast";lr-fbalpha;
"gunnail";lr-fbalpha;
"gunsmokeu";lr-fbalpha;
"gutsn";lr-fbalpha;
"guwange";lr-fbalpha;
"guzzler";lr-fbalpha;
"gwar";lr-fbalpha;
"gwarrior";lr-fbalpha;
"gypsyjug";lr-mame;
"gyrodine";lr-fbalpha;
"gyruss";lr-fbalpha;
"hachamfb";lr-fbalpha;
"hachoo";lr-fbalpha;
"hal21";lr-fbalpha;
"halleys";lr-mame;
"hamaway";lr-fbalpha;
"hanagumi";lr-mame;
"hangon";lr-fbalpha;
"hangonjr";lr-fbalpha;
"hangzo";lr-fbalpha;
"happy6";lr-fbalpha;
"harddriv";lr-mame;
"harddunk";lr-mame;
"hardhat";lr-mame;
"hardhea2";lr-fbalpha;
"hardhead";lr-fbalpha;
"hardyard";lr-mame;
"hasamu";lr-fbalpha;
"hatena";lr-fbalpha;
"hatris";lr-mame;
"hattrick";lr-mame;
"hayaosi1";lr-fbalpha;
"hbarrel";lr-fbalpha;
"hcastle";lr-fbalpha;
"hcrash";lr-fbalpha;
"hdrivair";lr-mame;
"headon";lr-mame;
"headon2";lr-mame;
"heartatk";lr-mame;
"heberpop";lr-mame;
"hedpanic";lr-fbalpha;
"heiankyo";lr-mame;
"helifire";lr-mame;
"hellfire";lr-fbalpha;
"hero";lr-fbalpha;
"heuksun";lr-fbalpha;
"hexa";lr-fbalpha;
"hexion";lr-fbalpha;
"hgkairak";lr-fbalpha;
"hharryu";lr-fbalpha;
"higemaru";lr-fbalpha;
"hiimpact";lr-mame;
"himesiki";lr-fbalpha;
"hippodrm";lr-fbalpha;
"histryma";lr-mame;
"hitice";lr-fbalpha;
"hitnmiss";lr-mame;
"hoccer";lr-fbalpha;
"holeland";lr-mame;
"holo";lr-mame;
"homerun";lr-mame;
"honeydol";lr-fbalpha;
"hooku";lr-mame;2003
"hook";lr-mame;2003
"hopmappy";lr-fbalpha;
"hopprobo";lr-fbalpha;
"horekid";lr-fbalpha;
"horizon";lr-fbalpha;
"horshoes";lr-fbalpha;
"hotchase";lr-mame;
"hotdebut";lr-fbalpha;
"hotdogst";lr-fbalpha;
"hotgm4ev";lr-fbalpha;
"hotgmck";lr-fbalpha;
"hotgmck3";lr-fbalpha;
"hotgmcki";lr-fbalpha;
"hotmind";lr-fbalpha;
"hotpinbl";lr-fbalpha;
"hotrod";adv-mame;
"hotshock";lr-fbalpha;
"hsf2";lr-fbalpha;
"hstennis";lr-mame;
"htchctch";lr-fbalpha;
"hunchbak";lr-fbalpha;
"huncholy";lr-fbalpha;
"hustler";lr-fbalpha;
"hvoltage";lr-mame;
"hvymetal";lr-fbalpha;
"hvyunitu";lr-fbalpha;
"hwchamp";lr-fbalpha;
"hwrace";lr-mame;
"hydra";lr-mame;
"hyperpac";lr-fbalpha;
"hyperspt";lr-fbalpha;
"hypreac2";lr-fbalpha;
"hypreact";lr-fbalpha;
"iceclimb";lr-mame;
"iceclmrj";lr-mame;
"ichidant";lr-mame;
"idsoccer";lr-mame;
"igmo";lr-fbalpha;
"ikari";lr-fbalpha;
"ikari3";lr-fbalpha;
"ikki";lr-fbalpha;
"imago";lr-fbalpha;
"imgfight";lr-fbalpha;
"imsorry";lr-fbalpha;
"indytemp";lr-mame;
"inferno";lr-mame;
"insector";lr-mame;
"insectx";lr-fbalpha;
"intcup94";lr-fbalpha;
"inthuntu";lr-mame;2003
"inthunt";lr-mame;2003
"intrepid";lr-mame;
"invaders";lr-mame;
"invrvnge";lr-mame;
"ipminvad";lr-mame;
"iqblock";lr-mame;
"irobot";lr-mame;
"ironhors";lr-fbalpha;
"itaten";lr-fbalpha;
"ixion";lr-fbalpha;
"jack";lr-fbalpha;
"jackal";lr-fbalpha;
"jackrabt";lr-mame;
"jailbrek";lr-fbalpha;
"jajamaru";lr-mame;
"janjans1";lr-fbalpha;
"janjans2";lr-fbalpha;
"jchan";lr-fbalpha;
"jchan2";lr-fbalpha;
"jcross";lr-fbalpha;
"jdreddp";lr-mame;
"jedi";lr-mame;
"jitsupro";lr-fbalpha;
"jjack";lr-fbalpha;
"jjparad2";lr-fbalpha;
"jjparads";lr-fbalpha;
"jjsquawk";lr-fbalpha;
"joemacr";lr-fbalpha;
"joinem";lr-fbalpha;
"jojo";lr-fbalpha;
"jojobane";lr-fbalpha;
"journey";lr-mame;
"joust";lr-mame;
"joust2";lr-mame;
"joyfulr";lr-fbalpha;
"jpopnics";lr-fbalpha;
"jrpacman";lr-fbalpha;
"jumpbug";lr-fbalpha;
"jumpcoas";lr-fbalpha;
"jumpkids";lr-fbalpha;
"jumppop";lr-fbalpha;
"jumpshot";lr-fbalpha;
"junglek";lr-mame;
"jungler";lr-fbalpha;
"junofrst";lr-fbalpha;
"jyangoku";lr-fbalpha;
"kageki";lr-fbalpha;
"kaiserkn";lr-fbalpha;
"kaitein";lr-fbalpha;
"kamenrid";lr-fbalpha;
"kamikcab";lr-mame;
"kangaroo";lr-fbalpha;
"kaos";lr-mame;
"karatblzu";lr-fbalpha;
"karatour";lr-fbalpha;
"karianx";lr-fbalpha;
"karnov";lr-fbalpha;
"kazan";lr-fbalpha;
"kbash";lr-fbalpha;
"kbash2";lr-fbalpha;
"kchamp";lr-fbalpha;
"keithlcy";lr-fbalpha;
"keroppi";lr-fbalpha;
"ket";lr-fbalpha;
"kf2k3pcb";lr-fbalpha;
"kickboy";lr-fbalpha;
"kicker";lr-fbalpha;
"kickgoal";lr-mame;
"kicknrun";lr-mame;
"kickoff";lr-fbalpha;
"kickridr";lr-fbalpha;
"kidnikiu";lr-fbalpha;
"kikcubicb";lr-fbalpha;
"kikikai";lr-mame;
"kikstart";lr-mame;
"killbld";lr-fbalpha;
"killbldp";lr-fbalpha;
"killcom";lr-mame;
"kingball";lr-fbalpha;
"kingdmgp";lr-fbalpha;
"kingofb";lr-mame;
"kinst";lr-fbalpha;
"kinst2";lr-fbalpha;
"kirameki";lr-fbalpha;
"kittenk";lr-fbalpha;
"klax";lr-mame;
"knckhead";lr-mame;
"kncljoe";lr-fbalpha;
"knightsu";lr-fbalpha;
"kodu";lr-fbalpha;
"kodure";lr-mame;
"koikois2";lr-fbalpha;
"konamigt";lr-fbalpha;
"kong";lr-fbalpha;
"kontest";lr-fbalpha;
"korokoro";lr-fbalpha;
"koshien";lr-fbalpha;
"kouyakyu";lr-mame;
"kov";lr-fbalpha;
"kov2";lr-fbalpha;
"kov2p";lr-fbalpha;
"kovplus";lr-fbalpha;
"kovsh";lr-fbalpha;
"kovshp";lr-fbalpha;
"kovytzy";lr-fbalpha;
"kozure";lr-fbalpha;
"kram";lr-mame;
"krull";lr-mame;
"krzybowl";lr-fbalpha;
"ksayakyu";lr-fbalpha;
"kungfum";lr-fbalpha;
"kungfut";lr-fbalpha;
"kurikint";lr-fbalpha;
"kyros";lr-fbalpha;
"kyukaidk";lr-fbalpha;
"kyustrkr";lr-fbalpha;
"ladybug";lr-fbalpha;
"ladygolf";lr-mame;
"ladykill";lr-fbalpha;
"ladymstr";lr-fbalpha;
"lagunar";lr-mame;
"landmakr";lr-fbalpha;
"lasso";lr-fbalpha;
"lastday";lr-fbalpha;
"lastduel";lr-fbalpha;
"lastfort";lr-fbalpha;
"lastmisn";lr-fbalpha;
"lastsurv";lr-fbalpha;
"lazercmd";lr-mame;
"ldrun";lr-fbalpha;
"ldrun2";lr-fbalpha;
"ldrun3";lr-fbalpha;
"ldrun4";lr-fbalpha;
"le2";lr-mame;
"leds2011";lr-fbalpha;
"legend";lr-fbalpha;
"legion";lr-fbalpha;
"lemmings";lr-fbalpha;
"leprechn";lr-mame;
"lethalen";lr-fbalpha;
"lethalth";lr-fbalpha;
"levers";lr-fbalpha;
"lghost";lr-fbalpha;
"lgtnfghtu";lr-fbalpha;
"liberate";lr-mame;
"liblrabl";lr-fbalpha;
"lightbr";lr-fbalpha;
"liquidk";lr-fbalpha;
"livequiz";lr-fbalpha;
"lizwiz";lr-fbalpha;
"lkage";lr-fbalpha;
"llander";adv-mame;
"lnc";lr-fbalpha;
"lockonph";lr-fbalpha;
"locomotn";lr-fbalpha;
"loderndf";lr-fbalpha;
"loffireu";lr-fbalpha;
"logger";lr-mame;
"logicpr2";lr-fbalpha;
"logicpro";lr-fbalpha;
"loht";lr-fbalpha;
"lomakai";lr-fbalpha;
"looping";lr-mame;
"lordgun";lr-fbalpha;
"losttomb";lr-fbalpha;
"lotlot";lr-fbalpha;
"lottofun";lr-mame;
"loverboy";lr-fbalpha;
"lsasquad";lr-mame;
"ltswords";lr-fbalpha;
"luckywld";lr-fbalpha;
"luctoday";lr-fbalpha;
"lupin3";lr-mame;
"lvgirl94";lr-fbalpha;
"lwings";lr-fbalpha;
"m4";lr-mame;
"m660";lr-fbalpha;
"m79amb";lr-mame;
"machomou";lr-mame;
"machridr";lr-mame;
"macross";lr-fbalpha;
"macross2";lr-mame;2003
"macrossp";lr-mame;2003
"madcrash";lr-fbalpha;
"madgear";lr-fbalpha;
"madmotor";lr-mame;
"madshark";lr-fbalpha;
"magicbub";lr-fbalpha;
"magix";lr-fbalpha;
"magmax";lr-mame;
"magspot";lr-mame;
"magspot2";lr-mame;
"mainevt";lr-fbalpha;
"mainsnk";lr-fbalpha;
"majtitl2";lr-fbalpha;
"majtitle";lr-fbalpha;
"mangchi";lr-fbalpha;
"maniach";lr-mame;
"maniacsq";lr-fbalpha;
"manybloc";lr-fbalpha;
"mappy";lr-fbalpha;
"marineb";lr-fbalpha;
"mariner";lr-fbalpha;
"mario";lr-fbalpha;
"markham";lr-fbalpha;
"mars";lr-fbalpha;
"martmast";lr-fbalpha;
"marukin";lr-fbalpha;
"marvins";lr-fbalpha;
"marvland";lr-fbalpha;
"marvlandj";lr-fbalpha;
"masterw";lr-fbalpha;
"mastkin";lr-fbalpha;
"matchit2";lr-fbalpha;
"matmania";lr-mame;
"mausuke";lr-mame;
"maxrpm";lr-mame;
"mayday";lr-mame;
"mayhem";lr-mame;
"maze";lr-mame;
"mazinger";lr-fbalpha;
"mbombrd";lr-fbalpha;
"mcatadv";lr-fbalpha;
"mchampdx";lr-fbalpha;
"mechatt";lr-fbalpha;
"medlanes";lr-mame;
"megab";lr-mame;
"megablstu";lr-fbalpha;
"megadon";lr-fbalpha;
"megaman";lr-fbalpha;
"megaman2";lr-fbalpha;
"megatack";lr-mame;
"megazone";lr-fbalpha;
"meijinsn";lr-fbalpha;
"meosism";lr-fbalpha;
"mercsu";lr-fbalpha;
"merlinmm";lr-fbalpha;
"metafox";lr-fbalpha;
"metalb";lr-fbalpha;
"metamrph";lr-fbalpha;
"metlclsh";lr-mame;
"metlfrzr";lr-fbalpha;
"metlhawk";lr-fbalpha;
"metlsavr";lr-fbalpha;
"metmqstr";lr-fbalpha;
"metrocrs";lr-fbalpha;
"mgakuen";lr-fbalpha;
"mgakuen2";lr-fbalpha;
"mgcrystl";lr-fbalpha;
"mia";lr-fbalpha;
"midresu";lr-fbalpha;
"mightybj";lr-mame;
"mikie";lr-fbalpha;
"milliped";lr-fbalpha;
"mimonkey";lr-fbalpha;
"minefld";lr-fbalpha;
"minferno";lr-mame;
"minivadr";lr-fbalpha;
"mirax";lr-fbalpha;
"mirninja";lr-fbalpha;
"missile";lr-mame;
"missw02";lr-fbalpha;
"missw96";lr-fbalpha;
"mj4simai";lr-fbalpha;
"mjgtaste";lr-fbalpha;
"mjleague";lr-fbalpha;
"mjnquest";lr-fbalpha;
"mk";lr-mame;
"mk2";lr-mame;
"mk3";lr-mame;
"mmatrix";lr-fbalpha;
"mmaulers";lr-fbalpha;
"mmaze";lr-fbalpha;
"mmonkey";lr-fbalpha;
"mmpanic";lr-mame;
"mnight";lr-fbalpha;
"mofflott";lr-fbalpha;
"moguchan";lr-fbalpha;
"mogura";lr-fbalpha;
"mole";lr-fbalpha;
"momoko";lr-fbalpha;
"monymony";lr-mame;
"moo";lr-mame;
"moomesa";lr-fbalpha;
"moonal2";lr-fbalpha;
"mooncrst";lr-fbalpha;
"moonqsr";lr-fbalpha;
"moonwar";lr-fbalpha;
"moremore";lr-fbalpha;
"moremorp";lr-fbalpha;
"mosaic";lr-mame;
"motos";lr-fbalpha;
"mouja";lr-mame;
"mouser";lr-fbalpha;
"mp_gaxe2";lr-mame;
"mp_sonic";lr-mame;
"mpangu";lr-fbalpha;
"mpatrol";lr-mame;
"mplanets";lr-fbalpha;
"mrdo";lr-fbalpha;
"mrdofix";lr-fbalpha;
"mrdrillr";lr-mame;
"mrflea";lr-fbalpha;
"mrgoemon";lr-fbalpha;
"mrjong";lr-fbalpha;
"mrkougar";lr-fbalpha;
"mrtnt";lr-fbalpha;
"mrviking";lr-fbalpha;
"ms5pcb";lr-fbalpha;
"msbingo";lr-fbalpha;
"msgogo";lr-fbalpha;
"msgundam";lr-fbalpha;
"mshu";lr-fbalpha;
"mshuttle";lr-fbalpha;
"mshvsfu";lr-fbalpha;
"msisaac";lr-mame;
"mslider";lr-fbalpha;
"mspacman";lr-fbalpha;
"mspuzzle";lr-fbalpha;
"mstworld";lr-fbalpha;
"mswordu";lr-fbalpha;
"mtlchamp";lr-fbalpha;
"mtrap";lr-mame;
"mtwins";lr-fbalpha;
"mugsmash";lr-fbalpha;
"multchmp";lr-fbalpha;
"mustache";lr-fbalpha;
"mustang";lr-fbalpha;
"mutantf";lr-fbalpha;
"mvp";lr-fbalpha;
"mvscu";lr-fbalpha;
"mwalku";lr-fbalpha;
"mwarr";lr-fbalpha;
"mx5000";lr-mame;
"myangel";lr-fbalpha;
"myangel2";lr-fbalpha;
"myhero";lr-fbalpha;
"mysticm";lr-mame;
"mysticri";lr-fbalpha;
"mystston";lr-fbalpha;
"mystwarr";lr-fbalpha;
"naname";lr-fbalpha;
"narc";lr-mame;
"nastarw";lr-fbalpha;
"naughtyb";lr-fbalpha;
"navarone";lr-fbalpha;
"nbahangt";lr-mame;
"nbajam";lr-mame;
"nbamht";lr-fbalpha;
"nbbatmanu";lr-mame;2003
"nbbatman";lr-mame;2003
"nebulray";lr-mame;
"neckneck";lr-mame;
"nemesis";lr-fbalpha;
"nemo";lr-fbalpha;
"neobattl";lr-fbalpha;
"netwars";lr-mame;
"newfant";lr-fbalpha;
"news";lr-fbalpha;
"newsin7";lr-fbalpha;
"nightstru";lr-fbalpha;
"ninclown";lr-mame;
"ninjakd2";lr-fbalpha;
"ninjaku";lr-fbalpha;
"ninjakun";lr-fbalpha;
"ninjawu";lr-mame;2003
"ninjaw";lr-mame;2003
"ninjemak";lr-fbalpha;
"nitedrvr";lr-mame;
"nitrobal";lr-fbalpha;
"nmg5";lr-fbalpha;
"nmouse";lr-fbalpha;
"nob";lr-fbalpha;
"noboranb";lr-mame;
"nomnlnd";lr-mame;
"nost";lr-fbalpha;
"nouryoku";lr-fbalpha;
"nova2001u";lr-fbalpha;
"nrallyx";lr-fbalpha;
"nspirit";lr-fbalpha;
"nstocker";lr-mame;
"numanath";lr-mame;
"nwarru";lr-fbalpha;
"nyny";lr-mame;
"nzeroteam";lr-fbalpha;
"offtwall";lr-mame;
"ohmygod";lr-fbalpha;
"oisipuzl";lr-fbalpha;
"olds103t";lr-fbalpha;
"oldsplus";lr-fbalpha;
"olibochu";lr-mame;
"omegaf";lr-fbalpha;
"omegrace";adv-mame;
"onetwo";lr-fbalpha;
"onna34ro";lr-fbalpha;
"openice";lr-mame;
"opwolf3u";lr-fbalpha;
"opwolfu";lr-fbalpha;
"orbit";lr-mame;
"orbitron";lr-fbalpha;
"orbs";lr-fbalpha;
"ordyne";lr-fbalpha;
"orlegend";lr-fbalpha;
"oscaru";lr-fbalpha;
"osman";lr-fbalpha;
"othunderu";lr-fbalpha;
"otwalls";lr-mame;
"outfxies";lr-mame;
"outrun";adv-mame;
"outzone";lr-fbalpha;
"ozmawars";lr-fbalpha;
"ozon1";lr-fbalpha;
"p47";lr-fbalpha;
"p47aces";lr-mame;
"packbang";lr-fbalpha;
"pacland";lr-fbalpha;
"pacman";lr-mame;
"pacmania";lr-fbalpha;
"pacnpal";lr-fbalpha;
"pacplus";lr-fbalpha;
"paddlema";lr-fbalpha;
"pairlove";lr-fbalpha;
"palamed";lr-fbalpha;
"pandoras";lr-fbalpha;
"pang";lr-fbalpha;
"pang3";lr-fbalpha;
"pangpang";lr-fbalpha;
"pangpoms";lr-fbalpha;
"panicstr";lr-fbalpha;
"paperboy";lr-mame;
"paprazzi";lr-fbalpha;
"parodius";lr-fbalpha;
"pass";lr-fbalpha;
"passshta";lr-fbalpha;
"pastelgl";lr-mame;
"pbaction";lr-mame;
"pbancho";lr-fbalpha;
"pbillian";lr-mame;
"pbillrd";lr-fbalpha;
"pbobbl2u";lr-mame;
"pbobbl3u";lr-mame;
"pbobbl4u";lr-mame;
"pbobble";lr-mame;
"pclubys";lr-fbalpha;
"pdrift";lr-fbalpha;
"peekaboou";lr-fbalpha;
"peggle";lr-mame;
"penbros";lr-fbalpha;
"pengadvb";lr-fbalpha;
"pengo";lr-fbalpha;
"pepper2";lr-mame;
"percuss";lr-fbalpha;
"perfrmanu";lr-fbalpha;
"peterpak";lr-mame;
"pettanp";lr-mame;
"pgalvip";lr-fbalpha;
"pgemeni";lr-fbalpha;
"pgmdemo";lr-fbalpha;
"pgmfrog";lr-fbalpha;
"phantom2";lr-mame;
"phelios";lr-fbalpha;
"phoenix";lr-fbalpha;
"photoy2k";lr-fbalpha;
"phozon";lr-fbalpha;
"pickin";lr-mame;
"pignewt";lr-mame;
"pigout";lr-mame;
"pigskin";lr-mame;
"pinbo";lr-fbalpha;
"pingpong";lr-fbalpha;
"pipedrm";lr-mame;
"pipibibs";lr-fbalpha;
"pirates";lr-fbalpha;
"pisces";lr-fbalpha;
"pistoldm";lr-fbalpha;
"pitfall2";lr-fbalpha;
"pitfight";lr-mame;
"pitnrun";lr-mame;
"pkladies";lr-fbalpha;
"pktgaldx";lr-fbalpha;
"pkunwar";lr-fbalpha;
"platoon";lr-mame;
"playball";lr-mame;
"plegends";lr-fbalpha;
"pleiads";lr-fbalpha;
"plgirls";lr-fbalpha;
"plgirls2";lr-fbalpha;
"plotting";lr-fbalpha;
"plumppop";lr-fbalpha;
"plusalph";lr-fbalpha;
"pnickj";lr-fbalpha;
"poitto";lr-fbalpha;
"pokonyan";lr-fbalpha;
"polaris";lr-mame;
"poleposa";lr-mame;
"poleps2a";lr-mame;
"pollux";lr-fbalpha;
"ponpoko";lr-fbalpha;
"poolshrk";lr-mame;
"pooyan";lr-fbalpha;
"popbingo";lr-fbalpha;
"popeye";lr-mame;
"popflamea";lr-fbalpha;
"popnpop";lr-fbalpha;
"popper";lr-mame;
"popspops";lr-fbalpha;
"porky";lr-fbalpha;
"potopoto";lr-mame;
"poundfor";lr-mame;
"pow";lr-fbalpha;
"powerdrv";lr-mame;
"powerins";lr-fbalpha;
"powrplay";lr-mame;
"pprobe";lr-fbalpha;
"prehisleu";lr-fbalpha;
"primglex";lr-mame;
"primrage";lr-mame;
"prmrsocr";lr-mame;
"progear";lr-fbalpha;
"progress";lr-fbalpha;
"propcycl";lr-mame;
"prtytime";lr-fbalpha;
"pspikesu";lr-fbalpha;
"psurge";lr-fbalpha;
"psychic5";lr-fbalpha;
"psychos";lr-fbalpha;
"pturn";lr-fbalpha;
"puchicar";lr-fbalpha;
"puckpkmn";lr-mame;
"pulirula";lr-mame;2003
"punchout";lr-mame;
"punchout";adv-mame;
"punisheru";lr-fbalpha;
"punkshot";lr-fbalpha;
"pururun";lr-fbalpha;
"pushmans";lr-fbalpha;
"puyopuy2";lr-mame;
"puyopuyo";lr-mame;
"puyosun";lr-mame;
"puzlclub";lr-fbalpha;
"puzldama";lr-mame;
"puzlstar";lr-fbalpha;
"puzzli";lr-fbalpha;
"puzzli2";lr-fbalpha;
"puzzloopu";lr-fbalpha;
"puzzlove";lr-fbalpha;
"puzznicu";lr-fbalpha;
"pwrgoal";lr-fbalpha;
"pwrinst2";lr-fbalpha;
"pzlbowl";lr-fbalpha;
"pzlbreak";lr-fbalpha;
"pzloop2";lr-fbalpha;
"qad";lr-fbalpha;
"qbert";lr-mame;
"qbertqub";lr-mame;
"qcrayon";lr-fbalpha;
"qcrayon2";lr-fbalpha;
"qgakumon";lr-fbalpha;
"qix";lr-mame;
"qjinsei";lr-fbalpha;
"qndream";lr-fbalpha;
"qsangoku";lr-fbalpha;
"qtheater";lr-fbalpha;
"qtono1";lr-fbalpha;
"qtono2j";lr-fbalpha;
"qtorimon";lr-fbalpha;
"quantum";adv-mame;
"quarterb";lr-mame;
"quartet2a";lr-fbalpha;
"quester";lr-fbalpha;
"quiz18k";lr-fbalpha;
"quizf1";lr-fbalpha;
"quizhq";lr-fbalpha;
"quizhuhu";lr-fbalpha;
"quizo";lr-fbalpha;
"qwak";lr-mame;
"qzchikyu";lr-fbalpha;
"qzkklgy2";lr-fbalpha;
"qzkklogy";lr-fbalpha;
"qzquest";lr-fbalpha;
"qzshowby";lr-fbalpha;
"r2dtank";lr-mame;
"rabiolep";lr-fbalpha;
"racedriv";lr-mame;
"rachero";lr-fbalpha;
"racingb";lr-fbalpha;
"rackemup";lr-fbalpha;
"racknrol";lr-fbalpha;
"radarscp";lr-fbalpha;
"radarzon";lr-mame;
"radm";lr-mame;
"radr";lr-mame;
"radrad";lr-fbalpha;
"raflesia";lr-fbalpha;
"raiden";lr-fbalpha;
"raiden2";lr-fbalpha;
"raidendx";lr-fbalpha;
"raiders5";lr-fbalpha;
"raimais";lr-fbalpha;
"rainbow";lr-mame;
"rallybik";lr-fbalpha;
"rallyx";lr-fbalpha;
"rambo3u";lr-fbalpha;
"rampage";lr-mame;
"rastanu";lr-fbalpha;
"razmataz";lr-fbalpha;
"rbibb";lr-mame;
"rbisland";lr-fbalpha;
"rchase";lr-fbalpha;
"reaktor";lr-fbalpha;
"recalh";lr-fbalpha;
"recordbr";lr-fbalpha;
"redalert";lr-mame;
"redbaron";adv-mame;
"redclash";lr-mame;
"redearth";lr-fbalpha;
"redrobin";lr-fbalpha;
"redufo";lr-fbalpha;
"regulus";lr-fbalpha;
"reikaids";lr-mame;
"relief";lr-mame;
"renegade";lr-fbalpha;
"repulse";lr-fbalpha;
"rescraid";lr-mame;
"rescue";lr-fbalpha;
"retofinv";lr-fbalpha;
"revngr84";lr-fbalpha;
"rezon";lr-fbalpha;
"ribbit";lr-mame;
"ridingf";lr-fbalpha;
"ridleofp";lr-mame;
"rimrockn";lr-mame;
"ringdest";lr-fbalpha;
"ringrage";lr-fbalpha;
"riot";lr-fbalpha;
"riotcity";lr-fbalpha;
"ripcord";lr-mame;
"ripoff";adv-mame;
"riskchal";lr-fbalpha;
"rjammer";lr-mame;
"rmpgwt";lr-mame;
"roadf";lr-fbalpha;
"roadriot";lr-mame;
"roadrunn";lr-mame;
"robby";lr-mame;
"robocop2u";lr-fbalpha;
"robocopu";lr-fbalpha;
"robokid";lr-fbalpha;
"robotbwl";lr-mame;
"robotron";lr-mame;
"robowres";lr-fbalpha;
"rockclim";lr-fbalpha;
"rockduck";lr-fbalpha;
"rockn";lr-fbalpha;
"rockn2";lr-fbalpha;
"rockn3";lr-fbalpha;
"rockn4";lr-fbalpha;
"rockrage";lr-fbalpha;
"rocktris";lr-fbalpha;
"rocktrv2";lr-fbalpha;
"rocnrope";lr-fbalpha;
"rodland";lr-fbalpha;
"rohga";lr-mame;2003
"roishtar";lr-fbalpha;
"rolcrush";lr-fbalpha;
"rollerg";lr-fbalpha;
"rompers";lr-fbalpha;
"roughrac";adv-mame;
"roundup";lr-mame;
"route16";lr-fbalpha;
"rpatrol";lr-fbalpha;
"rranger";lr-mame;
"rshark";lr-fbalpha;
"rthun2";lr-fbalpha;
"rthunder";lr-fbalpha;
"rtype2";lr-fbalpha;
"rtypeleo";lr-mame;2003
"rtypeu";lr-fbalpha;
"rumba";lr-fbalpha;
"runaway";lr-mame;
"rungun";lr-mame;
"rygar";lr-fbalpha;
"ryorioh";lr-fbalpha;
"ryouran";lr-fbalpha;
"ryujin";lr-fbalpha;
"ryukyu";lr-fbalpha;
"s1945";adv-mame;
"s1945ii";adv-mame;
"s1945iii";adv-mame;
"sabotenb";lr-fbalpha;
"sadari";lr-fbalpha;
"safari";lr-mame;
"safarir";lr-fbalpha;
"sailormnu";lr-fbalpha;
"salamand";lr-fbalpha;
"salmndr2";lr-mame;
"samurai";lr-mame;
"samuraia";lr-fbalpha;
"sandscrp";lr-fbalpha;
"sarge";lr-mame;
"sasuke";lr-mame;
"saturn";lr-mame;
"saturnzi";lr-fbalpha;
"sauro";lr-fbalpha;
"sbagman";lr-mame;
"sbasebal";lr-fbalpha;
"sbasketb";lr-mame;
"sbishi";lr-fbalpha;
"sbm";lr-mame;
"sbomber";lr-fbalpha;
"sbomberb";lr-mame;
"sbrkout";lr-mame;
"scessjoe";lr-fbalpha;
"scfinals";lr-fbalpha;
"schaser";lr-mame;
"schmeisr";lr-fbalpha;
"sci";lr-fbalpha;
"scionc";lr-fbalpha;
"scobra";lr-fbalpha;
"scontra";lr-fbalpha;
"scorpion";lr-fbalpha;
"scorpnmc";lr-mame;
"scotrsht";lr-fbalpha;
"scramble";lr-fbalpha;
"scregg";lr-fbalpha;
"screwloo";lr-mame;
"scross";lr-mame;
"scudhamm";lr-mame;
"sdfight";lr-fbalpha;
"sdgndmps";lr-fbalpha;
"sdi";lr-fbalpha;
"sdtennis";lr-mame;
"sdungeon";lr-mame;
"searcharu";lr-fbalpha;
"searchey";lr-fbalpha;
"searchp2";lr-fbalpha;
"secretag";lr-fbalpha;
"sectionz";lr-fbalpha;
"seganinj";lr-fbalpha;
"seicross";lr-fbalpha;
"selfeena";lr-fbalpha;
"semibase";lr-fbalpha;
"sengekis";lr-fbalpha;
"senjyo";lr-mame;
"senknow";lr-fbalpha;
"sentetst";lr-mame;
"sf";lr-fbalpha;
"sf1";lr-mame;
"sf2ceuc";lr-fbalpha;
"sf2hfu";lr-fbalpha;
"sf2uk";lr-fbalpha;
"sfa2u";lr-fbalpha;
"sfa3u";lr-fbalpha;
"sfau";lr-fbalpha;
"sfiii2";lr-fbalpha;
"sfiii3u";lr-fbalpha;
"sfiiiu";lr-fbalpha;
"sflush";lr-mame;
"sfootbal";lr-mame;
"sfposeid";lr-mame;
"sftm";lr-mame;
"sfx";lr-fbalpha;
"sfz2al";lr-fbalpha;
"sfzch";lr-fbalpha;
"sgemf";lr-fbalpha;
"sgladiat";lr-fbalpha;
"sgunner";lr-fbalpha;
"sgunner2";lr-fbalpha;
"shackled";lr-fbalpha;
"shadfrceu";lr-fbalpha;
"shadowld";lr-fbalpha;
"shadoww";lr-fbalpha;
"shangha2";lr-mame;
"shangha3";lr-mame;
"shanghai";lr-mame;
"shangkid";lr-mame;
"shangon";lr-fbalpha;
"sharrier";lr-fbalpha;
"shdancer";lr-fbalpha;
"sheriff";lr-mame;2010
"shienryu";lr-mame;
"shinfz";lr-fbalpha;
"shinobi";lr-mame;2003
"shinobi2";lr-fbalpha;
"shinobi3";lr-fbalpha;
"shinobi4";lr-fbalpha;
"shocking";lr-fbalpha;
"shogwarru";lr-fbalpha;
"shollow";lr-mame;
"shootout";lr-fbalpha;
"shtrider";lr-fbalpha;
"shuuz";lr-mame;
"sia2650";lr-mame;
"sidearmsu";lr-fbalpha;
"sidepckt";lr-fbalpha;
"silentdu";lr-fbalpha;
"silkroad";lr-fbalpha;
"silkworm";lr-fbalpha;
"silvmil";lr-fbalpha;
"simpsons";lr-fbalpha;
"simpsons2p";lr-fbalpha;
"sindbadm";lr-mame;
"sinistar";lr-mame;
"sjryuko";lr-fbalpha;
"skullfng";lr-mame;
"skullxbo";lr-mame;
"skyadvntu";lr-fbalpha;
"skyalert";lr-fbalpha;
"skyarmy";lr-fbalpha;
"skybase";lr-fbalpha;
"skybump";lr-mame;
"skychut";lr-mame;
"skydiver";lr-mame;
"skyfox";lr-fbalpha;
"skykid";lr-fbalpha;
"skykiddx";lr-fbalpha;
"skylancr";lr-fbalpha;
"skyraid";lr-mame;
"skyrobo";lr-fbalpha;
"skyskipr";lr-fbalpha;
"skysmash";lr-fbalpha;
"skysoldr";lr-fbalpha;
"slammast";lr-fbalpha;
"slapshot";lr-fbalpha;
"smashtv";lr-mame;
"smgolf";lr-mame;
"smgpu";lr-fbalpha;
"snakepit";lr-mame;
"snapjack";lr-fbalpha;
"snapper";lr-fbalpha;
"snowboar";lr-fbalpha;
"snowbro2";lr-fbalpha;
"snowbro3";lr-fbalpha;
"snowbros";lr-fbalpha;
"soccer";lr-mame;
"sokonuke";lr-fbalpha;
"solarfox";lr-mame;
"soldam";lr-fbalpha;
"soldivid";lr-fbalpha;
"solfigtr";lr-fbalpha;
"solomon";lr-fbalpha;
"solvalou";lr-mame;
"sonicbom";lr-fbalpha;
"sonson";lr-fbalpha;
"sos";lr-fbalpha;
"sotsugyo";lr-fbalpha;
"spacbeam";lr-mame;
"spacduel";adv-mame;
"spacecr";lr-mame;
"spacedx";lr-fbalpha;
"spacefev";lr-mame;
"spacefrt";lr-mame;
"spacegunu";lr-fbalpha;
"spaceskr";lr-mame;
"spacetrk";lr-mame;
"spacezap";lr-mame;
"spacfury";adv-mame;
"spang";lr-fbalpha;
"sparkman";lr-fbalpha;
"sparkz";lr-mame;
"spatter";lr-fbalpha;
"spcenctr";lr-mame;
"spcforce";lr-mame;
"spcfrcii";lr-mame;
"spcinv95";adv-mame;
"spclforc";lr-mame;
"spcpostn";lr-fbalpha;
"spdball";lr-mame;
"spdcoin";lr-fbalpha;
"spdodgeb";lr-mame;
"speakres";lr-fbalpha;
"spec2k";lr-fbalpha;
"speedbal";lr-mame;
"speedspn";lr-fbalpha;
"spelunk2";lr-fbalpha;
"spelunkr";lr-fbalpha;
"spf2tu";lr-fbalpha;
"spiders";lr-mame;2010
"spidey";lr-mame;
"spiker";lr-mame;
"spinlbrk";lr-fbalpha;
"splat";lr-mame;
"splatter";lr-fbalpha;
"splndrbt";lr-mame;
"spnchout";lr-fbalpha;
"sprcros2";lr-mame;
"springer";lr-fbalpha;
"sprint4";lr-mame;
"sprint8";lr-mame;
"spy";lr-fbalpha;
"spyhunt";lr-mame;
"spyhunt2";lr-mame;
"sqbert";lr-fbalpha;
"squash";lr-fbalpha;
"sraider";lr-fbalpha;
"sranger";lr-fbalpha;
"srdarwin";lr-fbalpha;
"srdmissn";lr-fbalpha;
"srmp4";lr-fbalpha;
"srmp7";lr-fbalpha;
"srumbler";lr-fbalpha;
"ssf2tu";lr-fbalpha;
"ssf2u";lr-fbalpha;
"ssi";lr-fbalpha;
"sslam";lr-mame;
"ssmissin";lr-fbalpha;
"ssoldier";lr-fbalpha;
"ssozumo";lr-fbalpha;
"sspaceat";lr-mame;
"sspirits";adv-mame;
"ssriders";lr-fbalpha;
"ssrj";lr-mame;
"sstingry";lr-fbalpha;
"sstriker";lr-fbalpha;
"stactics";lr-mame;
"stadhero";lr-mame;
"stadhr96";lr-mame;
"stagger1";lr-fbalpha;
"starblad";lr-mame;
"starcas";adv-mame;
"starfigh";lr-fbalpha;
"starfire";lr-mame;
"starforc";lr-mame;
"stargate";lr-mame;
"stargrds";lr-mame;
"starhawk";adv-mame;
"starjack";lr-fbalpha;
"starlstr";lr-mame;
"starshp1";lr-mame;
"starswep";lr-mame;
"startrek";adv-mame;
"starwars";adv-mame;
"stdragon";lr-fbalpha;
"steeltal";lr-mame;
"stg";lr-fbalpha;
"stinger";lr-fbalpha;
"stkclmns";lr-mame;
"stlforce";lr-fbalpha;
"stmblade";lr-fbalpha;
"stompin";lr-mame;
"stonebal";lr-mame;
"strahl";lr-fbalpha;
"stratgyx";lr-fbalpha;
"stratof";lr-fbalpha;
"streakng";lr-fbalpha;
"streetsm";lr-fbalpha;
"strider";lr-fbalpha;
"striv";lr-fbalpha;
"strkfgtr";lr-fbalpha;
"strkforc";lr-mame;
"strkzone";lr-mame;
"strnskil";lr-mame;
"stunrun";lr-mame;
"sub";lr-fbalpha;
"sucasino";lr-fbalpha;
"sunaq";lr-fbalpha;
"supbtime";lr-fbalpha;
"superbik";lr-mame;
"superbon";lr-fbalpha;
"superbug";lr-mame;
"superchs";lr-fbalpha;
"supermanu";lr-fbalpha;
"superpac";lr-fbalpha;
"superten";lr-fbalpha;
"supertnk";lr-mame;
"superx";lr-fbalpha;
"supmodel";lr-fbalpha;
"suprglob";lr-fbalpha;
"suprleag";lr-fbalpha;
"suprloco";lr-fbalpha;
"suprmrio";lr-mame;
"suprridr";lr-fbalpha;
"suprslam";lr-mame;
"suprtrio";lr-fbalpha;
"supxevs";lr-mame;
"suratk";lr-fbalpha;
"surpratk";lr-mame;
"survartsu";lr-fbalpha;
"suzuk8h2";lr-mame;
"suzuka8h";lr-mame;
"svcpcb";lr-fbalpha;
"svf";lr-mame;
"svg";lr-fbalpha;
"svolleyu";lr-fbalpha;
"swat";lr-fbalpha;
"swatpolc";lr-fbalpha;
"swcourt";lr-mame;
"swimmer";lr-fbalpha;
"sws";lr-fbalpha;
"sws92";lr-fbalpha;
"sws93";lr-fbalpha;
"sws95";lr-mame;
"sws96";lr-mame;
"sws97";lr-mame;
"sxyreac2";lr-fbalpha;
"sxyreact";lr-fbalpha;
"syvalion";lr-fbalpha;
"szaxxon";lr-fbalpha;
"tactcian";lr-fbalpha;
"tail2nos";lr-fbalpha;
"tailg";adv-mame;
"tangtang";lr-fbalpha;
"tankbust";lr-mame;
"tankfrce";lr-fbalpha;
"tantr";lr-mame;
"taotaido";lr-fbalpha;
"tapper";lr-mame;
"targeth";lr-mame;
"tattass";lr-mame;
"taxidrvr";lr-mame;
"tazmania";lr-fbalpha;
"tbowl";lr-fbalpha;
"tbyahhoo";lr-mame;
"tceptor";lr-mame;
"tcobra2";lr-fbalpha;
"tdfever";lr-mame;
"tdpgal";lr-fbalpha;
"tdragon";lr-fbalpha;
"tdragon2";lr-fbalpha;
"teamqb";lr-mame;
"teddybb";lr-fbalpha;
"teedoff";lr-mame;
"tekipaki";lr-fbalpha;
"teljan";lr-fbalpha;
"tempest";adv-mame;
"tengai";lr-fbalpha;
"terracre";lr-fbalpha;
"terrafu";lr-fbalpha;
"tetrbx";lr-fbalpha;
"tetris";lr-fbalpha;
"tetrisp";lr-mame;
"tetrisp2";lr-fbalpha;
"tetrisse";lr-fbalpha;
"tetrsark";lr-fbalpha;
"tfrceac";lr-mame;
"tgm2";lr-fbalpha;
"tharrier";lr-fbalpha;
"thedeep";lr-fbalpha;
"theend";lr-fbalpha;
"theglad";lr-fbalpha;
"thepit";lr-fbalpha;
"theroes";lr-fbalpha;
"thndrbld";lr-fbalpha;
"thndrx2";lr-fbalpha;
"thoop";lr-fbalpha;
"thoop2";lr-mame;
"thunderj";lr-mame;
"thunderl";lr-fbalpha;
"thunderx";lr-fbalpha;
"thundfoxu";lr-fbalpha;
"tigerh";lr-fbalpha;
"tigeroad";lr-fbalpha;
"timber";lr-mame;
"timefgtr";lr-fbalpha;
"timekill";lr-mame;
"timelimt";lr-fbalpha;
"timeplt";lr-fbalpha;
"timescan";lr-fbalpha;
"timesold";lr-fbalpha;
"timetunl";lr-mame;
"timscanr";lr-mame;
"tinklpit";lr-mame;
"tinstar";lr-mame;
"tkdensho";lr-fbalpha;
"tkmmpzdm";lr-mame;
"tkoboxng";lr-mame;
"tmek";lr-mame;
"tmnt2";lr-fbalpha;
"tmnt22pu";lr-fbalpha;
"tmnt2po";lr-fbalpha;
"tmntu";lr-fbalpha;
"tndrcade";lr-fbalpha;
"tnexspce";lr-mame;
"tnextspc";lr-fbalpha;
"tnk3";lr-fbalpha;
"tnzs";lr-fbalpha;
"todruaga";lr-fbalpha;
"toffy";lr-mame;
"toggle";lr-mame;
"tokio";lr-fbalpha;
"tokisens";lr-fbalpha;
"tokiu";lr-fbalpha;
"tokkae";lr-mame;
"tomahawk";lr-mame;
"toobin";adv-mame;
"topgun";lr-mame;
"toppyrap";lr-fbalpha;
"topsecex";lr-mame;
"topspeed";lr-fbalpha;
"toride2g";lr-fbalpha;
"tornbase";lr-mame;
"toryumon";lr-fbalpha;
"totcarn";lr-mame;
"toto";lr-fbalpha;
"touchgo";lr-mame;
"toutrun";adv-mame;
"toypop";lr-fbalpha;
"tp84";lr-fbalpha;
"trackfld";lr-fbalpha;
"tranqgun";lr-mame;
"transfrm";lr-fbalpha;
"travrusa";lr-fbalpha;
"trckydoc";lr-fbalpha;
"tricktrp";lr-fbalpha;
"triothep";lr-fbalpha;
"triplep";lr-fbalpha;
"tripool";lr-fbalpha;
"troangel";lr-mame;
"trog";lr-mame;
"trojan";lr-fbalpha;
"trophyh";lr-fbalpha;
"trstar";lr-fbalpha;
"truxton";lr-fbalpha;
"truxton2";lr-fbalpha;
"trvmstr";lr-fbalpha;
"tsamurai";lr-fbalpha;
"tshingena";lr-fbalpha;
"ttmahjng";lr-fbalpha;
"tturfu";lr-fbalpha;
"tubep";lr-mame;
"tugboat";lr-mame;
"tumblep";lr-fbalpha;
"tunhunt";lr-mame;
"turbofrcu";lr-fbalpha;
"turbotag";lr-mame;
"turkhunt";lr-fbalpha;
"turtles";lr-fbalpha;
"turtship";lr-fbalpha;
"tutankhm";lr-fbalpha;
"twinactn";lr-fbalpha;
"twinadv";lr-fbalpha;
"twinbee";lr-fbalpha;
"twinbrat";lr-fbalpha;
"twincobru";lr-fbalpha;
"twineag2";lr-fbalpha;
"twineagl";lr-fbalpha;
"twinfalc";lr-fbalpha;
"twinhawku";lr-fbalpha;
"twinkle";lr-fbalpha;
"twinqix";lr-fbalpha;
"twotiger";lr-mame;
"uballoon";lr-fbalpha;
"uccopsu";lr-mame;2003
"uccopsar";lr-mame;2003
"ufosensi";lr-fbalpha;
"ultennis";lr-mame;
"ultraman";lr-fbalpha;
"ultratnk";lr-mame;
"ultrax";lr-fbalpha;
"umanclub";lr-fbalpha;
"umk3";lr-mame;
"unclepoo";lr-fbalpha;
"uniwars";lr-fbalpha;
"unkpacg";lr-fbalpha;
"unsquad";lr-fbalpha;
"uopoko";lr-fbalpha;
"upndown";lr-fbalpha;
"usclssic";lr-fbalpha;
"usg32";lr-fbalpha;
"usgames";lr-fbalpha;
"utoukond";lr-fbalpha;
"valkyrie";lr-fbalpha;
"valtric";lr-mame;
"vandyke";lr-fbalpha;
"vangrd2";lr-fbalpha;
"vanvan";lr-fbalpha;
"vaportra";lr-fbalpha;
"varth";lr-fbalpha;
"vasara";lr-fbalpha;
"vasara2";lr-fbalpha;
"vastar";lr-fbalpha;
"vball";lr-mame;
"vblokbrk";lr-fbalpha;
"vendetta";lr-fbalpha;
"venture";lr-mame;
"vfkids";lr-mame;
"vhunt2";lr-fbalpha;
"victroad";lr-fbalpha;
"videopin";lr-mame;
"vigilanto";lr-fbalpha;
"vimana";lr-fbalpha;
"vindctr2";lr-mame;
"vindictr";lr-mame;
"viofightu";lr-fbalpha;
"viostormu";lr-fbalpha;
"vmetal";lr-fbalpha;
"volfiedu";lr-fbalpha;
"vsav2";lr-fbalpha;
"vsavu";lr-fbalpha;
"vsbball";lr-mame;
"vsfdf";lr-mame;
"vsgongf";lr-fbalpha;
"vsgradus";lr-mame;
"vshoot";lr-mame;
"vspinbal";lr-mame;
"vsskykid";lr-mame;
"vsslalom";lr-mame;
"vssoccer";lr-mame;
"vstennis";lr-mame;
"vstetris";lr-mame;
"vulcan";lr-fbalpha;
"vulgus";lr-fbalpha;
"wallc";lr-fbalpha;
"wallst";lr-mame;
"wanted";lr-fbalpha;
"wardner";lr-fbalpha;
"wargods";lr-mame;
"warlords";lr-mame;
"warofbugu";lr-fbalpha;
"warpwarp";lr-fbalpha;
"warriorb";lr-fbalpha;
"waterski";lr-mame;
"watrball";lr-fbalpha;
"wb3";lr-fbalpha;
"wbeachvl";lr-mame;
"wbmlvc";lr-fbalpha;
"wboy";lr-fbalpha;
"wc90";lr-fbalpha;
"wecleman";lr-mame;
"welltris";lr-fbalpha;
"wg3dh";lr-mame;
"wgp";lr-mame;
"wheelrun";lr-fbalpha;
"wiggie";lr-fbalpha;
"wildfang";lr-fbalpha;
"wildplt";lr-mame;
"willowu";lr-fbalpha;
"wilytowr";lr-fbalpha;
"wingforc";lr-fbalpha;
"winterht";lr-mame;
"wiping";lr-fbalpha;
"wits";lr-fbalpha;
"wiz";lr-fbalpha;
"wizdfireu";lr-mame;2003
"wizdfire";lr-mame;2003
"wizzquiz";lr-fbalpha;
"wldcourt";lr-fbalpha;
"wlstar";lr-fbalpha;
"wmatch";lr-fbalpha;
"wndrmomo";lr-fbalpha;
"wndrplnt";lr-fbalpha;
"wofch";lr-fbalpha;
"wofu";lr-fbalpha;
"wondl96";lr-fbalpha;
"wondstck";lr-fbalpha;
"woodpeck";lr-fbalpha;
"worldwar";lr-fbalpha;
"wotw";adv-mame;
"wownfant";lr-fbalpha;
"wrally";lr-fbalpha;
"wrally2";lr-mame;
"wrecking";lr-mame;
"wrestwar";lr-fbalpha;
"wrofaero";lr-fbalpha;
"ws";lr-fbalpha;
"wschamp";lr-fbalpha;
"wseries";lr-mame;
"wsf";lr-mame;
"wtennis";lr-mame;
"wwallyj";lr-fbalpha;
"wwestern";lr-mame;
"wwfmania";lr-mame;
"wwfsstaru";lr-fbalpha;
"wwfwfestu";lr-fbalpha;
"wwjgtin";lr-fbalpha;
"wyvernf0";lr-fbalpha;
"xenophob";lr-mame;
"xevi3dg";lr-mame;
"xexex";lr-fbalpha;
"xmcotau";lr-fbalpha;
"xmen";lr-fbalpha;
"xmultipl";lr-fbalpha;
"xmvsfu";lr-fbalpha;
"xorworld";lr-fbalpha;
"xsleena";lr-fbalpha;
"xxmissio";lr-fbalpha;
"xybots";lr-mame;
"xyonix";lr-mame;
"yamagchi";lr-fbalpha;
"yamato";lr-fbalpha;
"yamyam";lr-mame;
"yard";lr-mame;
"yesnoj";lr-fbalpha;
"yiear";lr-fbalpha;
"yosakdon";lr-mame;
"youjyudn";lr-fbalpha;
"yuyugogo";lr-fbalpha;
"zaviga";lr-fbalpha;
"zaxxon";lr-mame;
"zerohour";lr-mame;
"zeropnt";lr-fbalpha;
"zeropnt2";lr-fbalpha;
"zerowing";lr-fbalpha;
"zerozone";lr-fbalpha;
"zigzag";lr-mame;
"zigzagb";lr-fbalpha;
"zingzip";lr-fbalpha;
"zipzap";lr-fbalpha;
"zoar";lr-fbalpha;
"zodiack";lr-fbalpha;
"zombraid";lr-fbalpha;
"zookeep";lr-mame;
"zunkyou";lr-mame;
"zzyzzyxx";lr-fbalpha;
